binary_package,date,source_package,source_version,new,upstream,dep,packaging,security,product_wide,local_patch,nmu,translation,other,comments
centericq-fribidi,2007-07-29,centerim,4.22.1-1,0,1,1,0,0,0,0,0,0,0,built on GPL-incompatible library (http://bugs.debian.org/cgi-bin/bugreport.cgi?bug=424654); so build-depends changed
cl-speech-dispatcher,2008-08-06,speech-dispatcher,0.6.7-5,0,0,0,1,0,0,1,0,0,0,
cpp-4.5,2011-03-30,gcc-4.5,4.5.2-8,0,1,0,0,0,0,1,0,0,0,
eject,2006-05-21,eject,2.1.4-2,0,0,0,0,0,0,1,0,0,0,
gftp-common,2006-04-21,gftp,2.0.18-13,0,0,0,1,0,0,0,0,0,0,
kernel-headers-2.4.27-3-sparc32-smp,2006-03-26,kernel-image-2.4.27-sparc,2.4.27-9sarge2,0,0,1,0,0,0,0,0,0,0,new kernel headers (http://packages.qa.debian.org/k/kernel-image-2.4.27-sparc/news/20060324T223623Z.html)
kernel-image-2.6.39-2-amd64-di,2011-07-22,linux-kernel-di-amd64-2.6,1.82,0,1,0,0,0,0,0,0,0,0,
lib32mudflap0-dbg,2008-07-26,gcc-4.3,4.3.1-8,0,1,0,0,0,0,0,0,0,0,
libecore-doc,2010-11-04,ecore,1.0.0~beta-1,0,1,0,1,0,0,1,0,0,0,
libeina-dev,2010-07-23,eina,0.9.9.49898-1,0,1,0,1,0,0,0,0,0,0,some local patches dropped since picked up by upstream http://packages.debian.org/changelogs/pool/main//e/eina/current/changelog.html#versionversion0.9.9.49898-1
libffi-dev,2008-05-22,libffi,3.0.5-3,0,0,0,1,0,0,0,0,0,0,build bug blocking "migration of python2.5 and epiphany which is a precondition for getting gcc-4.3 and gcc-defaults moved" http://bugs.debian.org/cgi-bin/bugreport.cgi?bug=481628
libghc6-hdbc-postgresql-doc,2010-02-24,hdbc-postgresql,2.2.3.1-3,0,0,1,0,0,0,0,0,0,0,
libkidletime4,2011-05-30,kde4libs,4:4.6.3-2,0,0,1,1,0,0,0,0,0,0,
libmagickcore2-extra,2009-11-14,imagemagick,7:6.5.7.7-1,0,1,0,0,0,0,0,0,0,0,
libmono-sharpzip0.6-cil,2007-08-10,mono,1.2.4-6,0,0,0,1,0,0,0,0,0,0,fixes crash on PPC (http://bugs.debian.org/cgi-bin/bugreport.cgi?bug=428190)
libpam-google-authenticator,2011-04-17,google-authenticator,20110413.68230188bdc7-1,0,1,0,0,0,0,0,0,0,0,
libpgtypes3,2010-05-17,postgresql-8.4,8.4.4-1,0,1,0,0,0,0,0,0,0,0,
mpc123,2007-12-07,mpc123,0.2.2-1,0,1,0,0,0,0,0,0,0,0,
nautilus-sendto,2007-08-26,nautilus-sendto,0.12-2,0,0,0,0,0,0,1,0,0,0,
openoffice.org-l10n-af,2010-05-10,openoffice.org,1:3.2.1~rc1-1,0,1,0,1,0,0,1,0,0,0,
paw-demos,2008-04-26,paw,1:2.14.04.dfsg.2-4,0,0,1,1,0,0,1,0,0,0,
preview-latex-style,2009-09-23,auctex,11.85-1,0,0,1,1,0,0,0,0,0,0,
r-cran-cluster,2007-09-07,cluster,1.11.8-1,0,1,1,0,0,0,0,0,0,0,
r-cran-pscl,2008-07-06,r-cran-pscl,0.96-1,0,1,1,0,0,0,0,0,0,0,
sata-modules-2.6.39-2-sparc64-di,2011-07-22,linux-kernel-di-sparc-2.6,1.70,0,0,1,0,0,0,0,0,0,0,
spamoracle-byte,2008-05-22,spamoracle,1.4-12,0,0,1,0,0,0,0,0,0,0,
tkx8.2,2005-03-12,tclx8.2,8.2.0-9,0,0,0,0,0,1,0,0,0,0,change in how man pages should be installed http://bugs.debian.org/cgi-bin/bugreport.cgi?bug=99591
transmission-daemon,2009-03-05,transmission,1.51-1,0,1,0,0,0,0,0,0,0,0,
virtualbox-ose-guest-source,2008-05-13,virtualbox-ose,1.5.6-dfsg-7,0,0,1,1,0,0,1,0,0,0,discussion about retracting previous patch vs. really fixing it http://bugs.debian.org/cgi-bin/bugreport.cgi?bug=469882 + Debian project switched to gcc 4.3; so some issues need to be fixed to comply to this switch http://bugs.debian.org/cgi-bin/bugreport.cgi?bug=479910 + bug fixed by downgrading dependency http://bugs.debian.org/cgi-bin/bugreport.cgi?bug=480739
aalib1-dev,2005-06-23,aalib,1.4p5-24,0,0,1,0,0,0,0,0,0,0,depending on library to regenerate a file instead of including the file as patch http://bugs.debian.org/cgi-bin/bugreport.cgi?bug=315369
bacula-common,2008-08-05,bacula,2.4.2-3.1~bpo40+1,0,0,1,1,0,0,0,1,0,0,bug fix sent on delay queue such that people can still prevent it from being applied http://bugs.debian.org/cgi-bin/bugreport.cgi?bug=496174
cthugha,2005-03-12,cthugha,1.4-4,0,0,1,1,0,0,0,0,0,0,
discover-udeb,2005-03-12,discover1,1.5-4,0,0,0,1,0,0,0,0,0,0,renaming package from discover to discover1 and libdiscover-dev before bumping up version number http://lists.debian.org/debian-devel-changes/2004/03/msg01919.html
fakeroot,2008-10-05,fakeroot,1.10.1,0,0,0,0,0,0,1,0,0,0,
fetchmail,2005-11-19,fetchmail,6.2.5-12sarge2,0,0,0,1,0,0,0,0,0,0,split source package in extra binary package http://packages.debian.org/changelogs/pool/main//f/fetchmail/current/changelog.html#version6.2.5-12
gtk2.0-examples,2009-06-29,gtk+2.0,2.16.3-1,0,1,0,0,0,0,0,0,0,0,
httrack-doc,2006-10-20,httrack,3.40.4-3.1,0,0,0,1,0,0,0,1,0,0,moving libraries around in directory structure http://bugs.debian.org/cgi-bin/bugreport.cgi?bug=392419
iceweasel-l10n-mk,2011-03-05,iceweasel-l10n,1:4.0~b12+debian1-1,0,0,0,0,0,0,0,0,1,0,
kalzium-data,2009-08-05,kdeedu,4:4.3.0-2,0,0,0,1,0,0,0,0,0,0,do not ship icons in this package; defer to other package
kdelibs-bin,2010-07-21,kde4libs,4:4.4.5-1,0,1,0,1,0,0,0,0,0,0,
libapache-session-wrapper-perl,2005-03-12,libapache-session-wrapper-perl,0.19-1,0,1,0,1,0,0,0,0,0,0,
libasn1-8-heimdal,2007-12-10,heimdal,1.0.1-5,0,0,0,0,0,1,0,0,1,0,translation process for debconf templates http://bugs.debian.org/cgi-bin/bugreport.cgi?bug=443532
libbobcat2,2010-11-03,bobcat,2.09.01-1,0,1,0,0,0,0,0,0,0,0,local patches all dropped because picked up upstream http://packages.debian.org/changelogs/pool/main//b/bobcat/current/changelog.html#version2.09.01-1
libc0.3,2006-08-09,glibc,2.3.6-19,0,0,0,1,0,0,0,0,0,0,forgot to ship certain library in glibc package (XFS depends on it) http://bugs.debian.org/cgi-bin/bugreport.cgi?bug=381881 <--> freeze period; so release managers need to be contacted
libexpat1,2005-04-21,expat,1.95.8-3,0,0,1,1,0,0,0,0,0,0,bug in dependency has to be fixed first http://bugs.debian.org/cgi-bin/bugreport.cgi?bug=302191
libflickcurl-dev,2007-09-25,flickcurl,0.12-2,0,0,0,1,0,0,0,0,0,0,
libgtk1.2-common,2007-07-17,gtk+1.2,1.2.10-18.1,0,0,0,0,0,0,0,1,0,0,long-double ABI change requires binNMUs of important core libraries <--> gtk1.2 was not robust against that http://bugs.debian.org/cgi-bin/bugreport.cgi?bug=433253
libtaktuk0,2007-02-26,taktuk,3.0-1,1,0,0,0,0,0,0,0,0,0,
libxext6-udeb,2011-05-09,libxext,2:1.3.0-1,0,1,1,1,0,0,0,0,0,0,bumping build dependencies + not installing certain files
linux-image-2.6.15-1-k7,2006-02-03,linux-2.6,2.6.15-4,0,1,1,1,0,0,1,0,0,0,also some patches were included upstream + fixing dependencies of image packages http://packages.debian.org/changelogs/pool/main//l/linux-2.6/current/changelog.html#version2.6.15-4
loop-aes-modules-2.6.29-1-r4k-ip22,2009-04-13,linux-modules-extra-2.6,2.6.29-1,0,1,0,1,0,0,1,0,0,0,some new modules added and unbuildable modules disabled http://packages.qa.debian.org/l/linux-modules-extra-2.6/news/20090413T190556Z.html
mingw32-runtime,2005-10-09,mingw32-runtime,3.8-1,0,0,0,0,0,0,1,0,0,0,
multipath-modules-2.6.24-1-r5k-cobalt-di,2008-05-18,linux-kernel-di-mipsel-2.6,0.25,0,0,1,0,0,0,0,0,0,0,bump
ncbi-tools-bin,2011-07-30,ncbi-tools6,6.1.20100808-3,0,0,1,0,0,0,0,0,0,0,bump http://bugs.debian.org/cgi-bin/bugreport.cgi?bug=636006
ocaml-native-compilers,2007-12-18,ocaml,3.10.0-9,0,0,0,1,0,0,1,0,0,0,removing bashism
openoffice.org-evolution,2008-08-23,openoffice.org,1:3.0.0~ooo300m3-1,0,1,1,1,0,0,0,0,0,0,some dependencies and alternatives added for Java and other things; LOTS of build changes http://packages.debian.org/changelogs/pool/main//o/openoffice.org/current/changelog.html#version1:3.0.0_ooo300m3-1
pacemaker-dev,2010-07-08,pacemaker,1.0.8+hg15494-4~bpo50+1,0,0,0,1,0,0,0,0,0,0,ordering problem during build
sed,2007-12-03,sed,4.1.5-5,0,0,0,1,0,0,0,0,0,0,parallel-build friendlyizing of build http://packages.debian.org/changelogs/pool/main//s/sed/current/changelog.html#versionversion4.1.5-5
uim-anthy,2006-10-16,uim,1:1.2.1-3.1,0,0,0,0,0,0,0,1,0,0,package could not be installed with particular library from sarge installed http://bugs.debian.org/cgi-bin/bugreport.cgi?bug=387661
cpp,2006-07-07,gcc-defaults,1.37,0,0,1,1,0,0,0,0,0,0,adding dependency on cpp
erlang-snmp,2010-06-09,erlang,1:13.b.4-dfsg-6,0,0,1,0,0,1,0,0,0,0,fixed conflict of packages with older versions package + archive-wide bashism check in packaging files http://bugs.debian.org/cgi-bin/bugreport.cgi?bug=581450
hunspell-ne,2008-12-22,openoffice.org-dictionaries,1:3.0.1~rc1-6,0,0,0,1,0,0,0,0,0,0,work-around for not-removed-packaged-on-purging bug; probably in apt or buildd http://bugs.debian.org/cgi-bin/bugreport.cgi?bug=518975
kernel-headers-2.6.8-3-mckinley,2006-12-12,kernel-image-2.6.8-ia64,2.6.8-14sarge6,0,1,0,0,1,0,1,0,0,0,http://help.lockergnome.com/linux/Accepted-kernel-image-ia64-14sarge6-ia64-source--ftopict405506.html
kget,2006-02-01,kdenetwork,4:3.5.1-1,0,1,1,1,0,0,0,0,0,0,bump one of dependencies http://help.lockergnome.com/linux/Accepted-kdenetwork-source-i386--ftopict224690.html
libc0.1-dev,2011-02-08,eglibc,2.13-5,0,1,1,1,0,0,1,0,0,0,also selectively picked some upstream patches + some dependency changes (depending on wrong version kfreebsd kernel) + libc library was bumped during fixing; so patch did not work anymore (http://bugs.debian.org/cgi-bin/bugreport.cgi?bug=626422)
libcdio-paranoia-dev,2008-03-20,libcdio,0.78.2+dfsg1-2.1,0,0,0,0,0,1,0,1,0,0,move to GCC 4.3 => advanced warnings of incompatibilities http://bugs.debian.org/cgi-bin/bugreport.cgi?bug=461683 ("I don't object to a NMU (I know I haven't been handling my libcdio package in the best possible way); but if you wish to NMU; please consider applying the patches that were sent to other bug reports.")
libgcj-doc,2011-03-27,gcj-4.6,4.6.0-1,0,1,0,0,0,0,0,0,0,0,
libglpk-dev,2008-07-13,glpk,4.29-1,0,1,0,0,0,0,0,0,0,0,
libgluezilla,2010-04-13,gluezilla,2.4.3-2,0,0,0,0,0,0,1,0,0,0,reverted local patch
libobjc2,2007-05-30,gcc-4.2,4.2-20070528-1,0,1,0,0,0,0,0,0,0,0,also added backports for some patches http://packages.debian.org/changelogs/pool/main//g/gcc-4.2/current/changelog.html#versionversion4.2-20070528-1
libsvn-ruby,2010-05-03,subversion,1.6.9dfsg-1~bpo50+1,0,1,1,1,0,0,0,0,0,0,local patches now upstream + fixing some build infrastructure (parallel builds) and dependencies
m-tx,2009-08-02,m-tx,0.30a-3,0,0,1,0,0,0,0,0,0,0,updated dependencies
nic-modules-2.6.16-2-footbridge-di,2006-07-12,linux-kernel-di-arm-2.6,1.0,0,1,0,0,0,0,0,0,0,0,
openoffice.org-help-ja,2009-06-29,openoffice.org,1:3.1.0-5~bpo50+1,0,0,1,0,0,0,0,0,0,0,fix bumped dependencies + update lots of dependencies (e.g.; depending on specific version of boost instead of version-less <--> guy is OK with maintainer using specific version and warning him when updating http://bugs.debian.org/cgi-bin/bugreport.cgi?bug=531118)
openoffice.org-l10n-bs,2006-03-21,openoffice.org,2.0.2-2,0,1,0,1,0,0,0,0,0,0,also includes some Ubuntu patches http://packages.debian.org/changelogs/pool/main//o/openoffice.org/current/changelog.html#version2.0.2-2
serial-modules-2.6.25-2-686-bigmem-di,2008-07-26,linux-kernel-di-i386-2.6,1.65,0,0,1,0,0,0,0,0,0,0,dependency bumped
software-center,2010-04-04,software-center,1.1.21debian2,0,0,0,0,0,1,1,0,0,0,local patch in previous version + mass bug filing on python-apt API transition (http://bugs.debian.org/cgi-bin/bugreport.cgi?bug=572073)
task-slovenian-kde-desktop,2011-07-26,tasksel,3.02,0,1,1,1,0,0,0,0,1,0,drop some translations + dropping some stuff from package + fixing some dependencies (too much dependencies pulled in by package) + very long bug discussion http://bugs.debian.org/cgi-bin/bugreport.cgi?bug=506406
xfburn,2008-06-15,xfburn,0.3.0-2,0,0,1,0,0,0,0,0,0,0,removing redundant ones
xserver-xorg-video-intel-dbg,2010-10-02,xserver-xorg-video-intel,2:2.13.0-1,0,1,1,0,0,0,0,0,0,0,bumped dependencies
zine,2009-03-07,zine,0.1.2-1,1,0,0,0,0,0,0,0,0,0,
aufs-tools,2010-06-01,aufs-tools,20100601-1,0,1,0,0,0,0,0,0,0,0,
cl-rfc2388,2006-05-22,rfc2388,1.1-3,0,1,1,0,0,0,0,0,0,0,
cl-ppcre,2007-09-18,cl-ppcre,1.3.2-1,0,1,0,0,0,0,0,0,0,0,
cscope,2010-05-24,cscope,15.7a-3.1,0,0,1,1,0,0,0,1,0,0,move to different patch system
eqonomize-doc,2008-12-26,eqonomize,0.6-1,0,1,1,1,0,0,0,0,0,0,switch to cmake http://packages.debian.org/changelogs/pool/main//e/eqonomize/current/changelog.html#version0.6-1 + some patches picked up
ext3-modules-2.6.26-1-orion5x-di,2008-08-15,linux-kernel-di-arm-2.6,1.28,0,1,0,1,0,0,0,0,0,0,
gstreamer0.10-plugins-good,2010-06-27,gst-plugins-good0.10,0.10.23.2-1,0,1,1,1,0,0,0,0,0,0,
gstreamer0.10-schroedinger,2008-04-19,schroedinger,1.0.3-1,0,1,0,0,0,0,0,0,0,0,
ioquake3-dbg,2011-08-04,ioquake3,1.36+svn2131-1,0,1,0,0,0,0,1,0,0,0,some patches dropped + some updated
ipv6-modules-2.6.26-2-parisc64-di,2010-01-19,linux-kernel-di-hppa-2.6,1.38lenny6,0,0,1,0,0,0,0,0,0,0,
kfreebsd-image-8-686,2011-02-23,kfreebsd-8,8.1+dfsg-8,0,0,0,0,0,0,1,0,0,0,http://lists.debian.org/debian-changes/2011/02/msg00052.html
kword-data,2008-12-12,koffice,1:1.9.98.3-2,0,0,0,0,0,0,1,0,0,0,removing files provided by other package
lib64gfortran3,2010-10-16,gcc-4.5,4.5.1-9,0,1,0,1,0,0,1,0,0,0,
libapache2-mod-shib,2008-05-27,shibboleth-sp,1.3.1.dfsg1-3+lenny2~bpo40+1,0,0,0,1,0,1,0,0,0,0,move to gcc 4.3 warnings http://bugs.debian.org/cgi-bin/bugreport.cgi?bug=417464
libiso2mb0.8,2005-03-12,libiso2mb,0.8.5-1,0,1,0,0,0,0,0,0,0,0,http://archive.debian.net/changelogs/pool/main/libi/libiso2mb/libiso2mb_0.8.5-1/changelog
libreoffice-l10n-ns,2011-06-16,libreoffice,1:3.3.3-1,0,1,1,1,1,0,1,0,0,0,long discussion about patch causing problem in Debian but not in Ubuntu because rumor had it they commented things out
listen,2007-04-11,listen,0.5-6,0,0,1,0,0,0,1,0,0,0,build dependency changed its name
metapixel,2007-01-19,metapixel,1.0.1-2,0,1,0,0,0,0,0,0,0,0,http://help.lockergnome.com/linux/Accepted-metapixel-source-i386--ftopict389902.html
moon-lander,2009-08-02,moon-lander,1:1.0-3,0,0,0,0,0,1,0,0,0,0,too much arch-independent stuff in arch-specific directories http://bugs.debian.org/cgi-bin/bugreport.cgi?bug=233416
octave3.0,2009-02-27,octave3.0,1:3.0.4~rc5-2,0,1,0,0,0,0,0,0,0,0,http://help.lockergnome.com/linux/Accepted-octave3-rc5-source-amd64--ftopict494016.html
parley,2009-10-08,kdeedu,4:4.3.2-1,0,1,1,1,0,0,0,0,0,0,build dep name changed
python-zeroc-ice,2009-08-16,zeroc-ice,3.3.1-3,0,0,0,0,0,0,1,0,0,0,
r-cran-polspline,2009-01-28,polspline,1.1.2-1,0,1,1,0,0,0,0,0,0,0,build dep bumped
slack,2008-04-24,slack,0.15.2-4,0,0,1,1,0,0,0,0,0,0,dependency bumped
spca5xx-modules-2.6-vserver-powerpc,2006-12-05,linux-modules-extra-2.6,2.6.18-3,0,0,0,1,0,0,0,0,0,0,
virtualbox-ose-modules-2.6-486,2008-03-29,linux-modules-extra-2.6,2.6.24-5,0,0,0,1,0,0,1,0,0,0,previously disabled module re-enabled
xfce4-settings,2009-09-29,xfce4-settings,4.6.3-2,0,0,1,1,0,0,0,0,0,0,dependency added
xlockmore-gl,2005-05-24,xlockmore,1:5.13-2.1,0,0,0,0,1,0,0,1,0,0,release-critical vulnerability fixed with NMU
xserver-xorg-video-intel,2010-03-17,xserver-xorg-video-intel,2:2.10.902-1,0,1,1,1,0,0,0,0,0,0,some dependency bumps
crafty,2005-03-12,crafty,19.3-3,0,0,1,0,0,0,0,0,0,0,http://packages.qa.debian.org/c/crafty/news/20030829T103214Z.html new compiler version; so rebuilt
efi-modules-2.6.29-2-amd64-di,2009-05-20,linux-kernel-di-amd64-2.6,1.56,0,0,1,0,0,0,0,0,0,0,built against new kernel version
fiaif,2011-04-01,fiaif,1.22.1-1,0,1,0,1,0,0,0,0,0,0,removed some local patches
gfortran-4.6,2011-01-25,gcc-4.6,4.6-20110123-1,0,1,0,1,0,0,0,0,0,0,
gij-4.1,2006-09-28,gcj-4.1,4.1.1-14j1,0,1,1,1,0,0,0,0,0,0,
glest-data,2007-09-08,glest-data,2.0.0-2,0,0,0,1,0,0,0,0,0,0,http://forum.soft32.com/linux/Accepted-glest-data-source-ftopict433930.html
gnome-panel,2005-04-18,gnome-panel,2.10.1-2,0,0,1,0,0,0,1,0,0,0,
gnunet-client,2010-06-26,gnunet,0.8.1b-5,0,0,0,0,0,0,1,0,0,0,small typo in README
inews,2005-03-12,inews,2.1-6,0,0,0,0,0,0,1,0,0,0,http://archive.debian.net/changelogs/pool/main/i/inews/inews_2.1-13/changelog#versionversion2.1-6
ipv6-modules-2.6.26-1-r4k-ip22-di,2008-09-15,linux-kernel-di-mips-2.6,1.2,0,0,1,0,0,0,0,0,0,0,rebuilt against new kernel version
kernel-tree-2.6.8,2006-09-27,kernel-source-2.6.8,2.6.8-16sarge5,0,1,0,0,1,0,0,0,0,0,lots of vulnerability fixes gotten from upstream
ko.tex,2007-11-14,ko.tex,0.1.0+20071012-1,0,1,1,0,0,0,0,0,0,0,adding dependency
libadasockets3-dev,2010-06-29,adasockets,1.8.8-1,0,1,0,0,0,1,0,0,0,0,new soname and package name because breaking ada policy of Debian http://bugs.debian.org/cgi-bin/bugreport.cgi?bug=580907
libchipcard20-dev,2005-03-12,libchipcard,0.9.1-6,0,0,0,0,0,0,1,0,0,0,http://lists.debian.org/debian-devel-changes/2004/12/msg00121.html
libebook1.2-9,2010-05-19,evolution-data-server,2.30.1-4,0,0,1,0,0,0,0,0,0,0,missing dependency
libecryptfs-dev,2009-10-10,ecryptfs-utils,79-1,0,1,0,1,0,0,0,0,0,0,
libghc-ltk-dev,2011-05-27,haskell-ltk,0.10.0.4-1,0,1,1,0,0,0,0,0,0,0,build dependency updates
libghc6-vty-prof,2011-06-03,haskell-dummy,1:4,0,0,0,0,0,0,0,0,0,1,No transitional packages for network-bytestring; gnomevfs; hgl; hlist; qio and soegtk; these packages are removed in unstable.
libindex0-dev,2005-12-22,kdepim,4:3.5.0-3,0,0,0,0,0,0,1,0,0,0,http://help.lockergnome.com/linux/Accepted-kdepim-source-i386--ftopict209931.html
liblog4c-dev,2011-05-02,log4c,1.2.1-3,0,0,1,1,0,1,0,0,0,0,project-wide bugs against packages with removable .la files http://bugs.debian.org/cgi-bin/bugreport.cgi?bug=622550
libmono0,2008-04-24,mono,1.9.1+dfsg-4~bpo40+1,0,0,1,0,1,0,0,0,0,0,
libpfm3,2006-06-27,libpfm3,3.2.060621-1,0,1,0,0,0,0,0,0,0,0,http://help.lockergnome.com/linux/Accepted-libpfm3-060621-source-i386--ftopict331344.html
libphash0-dev,2011-02-22,libphash,0.9.4-1.1,0,0,0,0,0,1,0,1,0,0,again the .la file thing http://bugs.debian.org/cgi-bin/bugreport.cgi?bug=620933
libsuitesparse-dbg,2007-07-29,suitesparse,3.0.0-6.1,0,0,0,0,0,0,0,1,0,0,http://bugs.debian.org/cgi-bin/bugreport.cgi?bug=422644
libxmuu1-dbg,2006-01-17,xorg-x11,6.9.0.dfsg.1-4,0,0,0,1,0,0,1,0,1,0,http://help.lockergnome.com/linux/Accepted-xorg-x11-dfsg-source-i386--ftopict218215.html
linux-headers-2.6.26-2-r5k-cobalt,2010-06-12,linux-2.6,2.6.26-23,0,0,0,0,1,0,1,0,0,0,http://lists.debian.org/debian-changes/2010/06/msg00009.html
linux-headers-rt-amd64,2011-07-24,linux-latest-2.6,39,0,1,0,0,0,0,0,0,0,0,
linux-image-2.6.17-1-sparc64,2006-07-01,linux-2.6,2.6.17-2,0,0,0,1,0,0,1,0,0,0,
linux-image-2.6.38-2-sparc64-smp,2011-04-23,linux-2.6,2.6.38-4,0,1,0,0,0,0,1,0,0,0,
loop-aes-modules-2.6.26-1-orion5x-di,2008-08-18,linux-modules-di-armel-2.6,1.07,0,1,0,1,0,0,0,0,0,0,do not provide a module anymore because of RAM usage
multipath-modules-2.6.26-2-orion5x-di,2010-11-24,linux-kernel-di-arm-2.6,1.37lenny10,0,0,1,0,0,0,0,0,0,0,built against new Linux kernel
nic-usb-modules-2.6.8-3-itanium-smp-di,2006-08-02,linux-kernel-di-ia64-2.6,1.1sarge2,0,0,1,1,0,0,0,0,0,0,remove some modules from package
opennebula,2010-11-26,opennebula,2.0.1-2,0,0,0,1,0,0,0,0,0,0,http://bugs.debian.org/cgi-bin/bugreport.cgi?bug=605042
openoffice.org-l10n-zh-cn,2008-04-24,openoffice.org,1:2.4.0-5,0,0,1,0,0,0,1,0,0,0,also merge from Ubuntu
openscenegraph,2010-05-09,openscenegraph,2.8.3-3,0,0,1,1,0,0,0,0,0,0,all version library declared conflicting http://bugs.debian.org/cgi-bin/bugreport.cgi?bug=580079
php4-idn,2005-09-22,php4-idn,1.1-7,0,0,0,1,0,0,0,0,0,0,http://help.lockergnome.com/linux/Accepted-php4-idn-source-i386--ftopict178860.html
php5-gd,2008-12-01,php5,5.2.6.dfsg.1-2,0,0,0,1,0,0,0,0,0,0,
python-gdchart2,2005-07-14,pygdchart2,0.beta1-3,0,0,1,1,0,0,0,0,0,0,
python-zope.copy,2009-09-15,zope.copy,3.5.0-2,0,0,1,0,0,0,0,0,0,0,circular dependencies http://bugs.debian.org/cgi-bin/bugreport.cgi?bug=546939
schroot-dbg,2010-08-28,schroot,1.4.11-1,0,1,0,0,0,0,1,0,0,0,
squashfs-modules-2.6.22-3-s390x,2007-10-28,linux-modules-extra-2.6,2.6.22-5,0,1,0,1,0,0,0,0,0,0,disabling module
tor,2008-08-06,tor,0.2.1.4-alpha-1,0,0,0,1,0,0,0,0,0,0,
wzip,2009-08-02,wzip,0.1.2,0,0,0,1,0,0,0,0,0,0,adding missing file to package
batman-adv-modules-2.6-sb1a-bcm91480b,2009-05-15,linux-modules-extra-2.6,2.6.29-4,0,0,0,1,0,0,0,0,0,0,removing module + bumping abiname
biomode,2005-03-12,biomode,1.002-2,0,0,0,1,0,0,0,0,0,0,architecture-independent package
evolution-data-server-dev,2010-02-09,evolution-data-server,2.29.90-1,0,1,1,0,0,0,0,0,0,0,bumping dependencies
cupsys-client,2008-03-12,cupsys,1.3.5-1+lenny1,0,0,0,0,1,0,0,1,0,0,
education-electronics,2006-08-06,debian-edu,0.805,0,0,1,1,0,0,0,0,0,0,incorrect dependencies
elinks-doc,2011-04-27,elinks,0.12~pre5-3.2,0,0,0,0,0,0,0,1,0,0,
kernel-image-2.6-mckinley-smp,2006-09-19,linux-latest-2.6,2,0,0,0,1,0,0,0,0,0,0,
kernel-image-2.6.16-2-footbridge-di,2006-07-12,linux-kernel-di-arm-2.6,1.0,0,0,1,0,0,0,0,0,0,0,rebuilt with kernel
knoda,2005-04-05,knoda,0.7.3-1,0,1,0,0,0,0,0,0,0,0,
libegl1-mesa-drivers,2011-06-19,mesa,7.10.3-3,0,1,1,0,0,0,0,0,0,0,
libfence-dev,2009-09-05,redhat-cluster,3.0.2-2,0,0,0,0,0,0,0,0,0,1,.gitignore and maintainer address
libgdu0,2011-05-20,gnome-disk-utility,3.0.0-2,0,1,1,0,0,0,1,0,0,0,fix build dependency issue to avoid inconsistent update of gnome + update local patch
libgssapi1-heimdal,2007-07-08,heimdal,0.8.1-1,0,1,0,0,0,0,0,0,0,0,
libice-dev,2007-01-19,xfree86,4.3.0.dfsg.1-14sarge3,0,0,0,0,1,0,0,1,0,0,various vulnerabilities fixed using NMU http://forum.soft32.com/linux2/Accepted-xfree86-dfsg-14sarge3-source-i386-ftopict120992.html
libmissioncontrol-client-dev,2008-09-24,telepathy-mission-control,4.67-1,0,1,1,0,0,0,0,0,0,0,add dependency http://packages.qa.debian.org/t/telepathy-mission-control/news/20080923T161705Z.html
libmono-system-ldap1.0-cil,2006-10-20,mono,1.1.18-2,0,0,1,1,0,0,0,0,0,0,http://archive.debian.net/changelogs/pool/main/m/mono/mono_1.2.2.1-1etch1/changelog#versionversion1.1.18-2
libnss3-1d-dbg,2009-08-22,nss,3.12.3.1-1,0,1,0,0,0,0,1,0,0,0,local patch updated
libplist-dev,2010-01-19,libplist,1.1-1,0,1,1,1,0,0,0,0,0,0,
libsvn-javahl,2008-02-13,subversion,1.4.6dfsg1-1,0,1,1,1,0,0,0,0,0,0,http://bugs.debian.org/cgi-bin/bugreport.cgi?bug=441827 was fixed in later version but forgot to port back + crucial dependency missing (http://bugs.debian.org/cgi-bin/bugreport.cgi?bug=459023)
libwine-dev,2010-05-23,wine,1.0.1-3,0,0,1,0,0,0,0,1,0,0,missing dependency added http://bugs.debian.org/cgi-bin/bugreport.cgi?bug=602872
linux-headers-2.6.26-2-all-hppa,2010-02-13,linux-2.6,2.6.26-21lenny2,0,0,0,1,1,0,1,0,0,0,http://openvz.org/pipermail/debian/2010-February/000623.html
metalog,2005-03-12,metalog,0.7.0-2,0,0,0,1,0,0,0,0,0,0,
noffle,2006-10-08,noffle,1.2.0~rc1-2,0,0,0,1,0,0,0,0,0,0,http://packages.qa.debian.org/n/noffle/news/20061007T011710Z.html
openafs-modules-source,2011-02-25,openafs,1.4.12.1+dfsg-4~bpo50+1,0,1,1,0,0,0,0,0,0,0,adding dependency http://lists.debian.org/debian-backports-changes/2011/02/msg00254.html
openoffice.org-draw,2006-08-01,openoffice.org,2.0.3-4,0,1,0,1,0,0,1,0,0,0,
openoffice.org-help-pt,2008-03-30,openoffice.org,1:2.4.0-3,0,1,0,1,0,0,0,0,0,0,
proj,2007-04-05,proj,4.5.0-1,0,1,0,1,0,0,0,0,0,0,
python-jarabe-0.90,2010-10-14,sugar-0.90,0.90.3-1,0,1,0,0,0,0,0,0,0,0,
python-pyside.qtnetwork,2010-10-30,pyside,0.4.2-1~unstable0,0,1,1,0,0,0,1,0,0,0,some patches updated/removed + dependencies updated
qtcurve,2010-02-14,kde-style-qtcurve,1.0.2-1,0,1,1,1,0,0,0,0,0,0,dependencies updated
reiserfs-modules-2.6.32-5-4kc-malta-di,2010-06-13,linux-kernel-di-mipsel-2.6,1.20,0,0,1,0,0,0,0,0,0,0,new version of kernel
rmail,2008-05-12,sendmail,8.14.3-9.4,0,0,1,0,0,0,0,0,0,0,missing dependency http://bugs.debian.org/cgi-bin/bugreport.cgi?bug=517676
serial-modules-2.6.25-2-486-di,2008-07-04,linux-kernel-di-i386-2.6,1.62,0,0,1,1,0,0,0,0,0,0,dependencies updated
snmpd,2008-10-08,net-snmp,5.4.1~dfsg-10,0,0,1,0,0,0,1,0,0,0,dependencies added
sylpheed-claws-gtk2-html2-viewer,2006-08-05,sylpheed-claws-gtk2-extra-plugins,2.4.0-2,0,0,0,0,0,0,1,0,0,0,removing temporary patch http://help.lockergnome.com/linux/Accepted-sylpheed-claws-gtk2-extra-plugins-source-i386--ftopict335011.html
texlive-plain-extra,2007-04-10,texlive-extra,2007-1,0,1,0,0,0,0,1,0,0,0,patches become spurious
vim-runtime,2006-04-16,vim,1:6.4+7.0d03-1,0,1,0,0,0,0,1,0,0,0,patches become spurious + policy to send all patches upstream for vim7 Screening of patches no longer needed with vim7 & pushing upstream of as many debian-specific patches as possible
xmms2-plugin-icymetaint,2010-06-29,xmms2,0.7DrNo-7.1,0,0,0,0,0,0,1,0,0,0,
amarok-gstreamer,2005-12-08,amarok,1.3.7-1,0,1,1,0,0,0,0,0,0,0,removing local patch
armagetronad-common,2007-04-11,armagetronad,0.2.8.2.1-1,0,0,1,1,1,0,1,1,0,0,removing some unnecessary local patches + fixed bug that was somehow known upstream (with patch) but not fixed (http://bugs.debian.org/cgi-bin/bugreport.cgi?bug=296840) + NMU is to use new C++ ABI (http://bugs.debian.org/cgi-bin/bugreport.cgi?bug=325110)
bibus-doc-en,2009-03-08,bibus,1.4.3.2-2,0,0,0,1,0,0,0,0,0,0,
dictem,2005-03-12,dictem,0.0.3-1,0,1,0,0,0,0,0,0,0,0,
google-perftools,2010-02-07,google-perftools,1.5-1,0,1,0,1,0,0,0,0,0,0,explicitly do not build on certain platforms since not supported
gstreamer0.10-plugins-good-doc,2011-05-16,gst-plugins-good0.10,0.10.29-1+hurd.1,0,1,1,1,0,0,0,0,0,0,dependency updated + a plugin has been updated
jpilot-plugins,2005-11-03,jpilot,0.99.8-1,0,1,0,0,0,0,0,0,1,0,
kpercentage,2008-09-04,kdeedu,4:4.1.1-1,0,1,0,0,0,0,0,0,0,0,
kwrite,2010-06-01,kdebase,4:4.4.4-1,0,1,1,1,0,0,0,0,0,0,dependencies updated
libkokyu-dev,2007-04-23,ace,5.5.6-1,0,1,0,1,0,0,1,0,0,0,switch to autotools + drop spurious patches
libmrpt-dev,2010-12-04,mrpt,1:0.9.2-1,0,1,1,0,0,0,0,0,0,0,wrong dependency
libpng-sixlegs-java,2006-11-03,png-sixlegs,1.2.3-3,0,0,0,1,0,0,0,0,0,0,
libwraster1,2009-08-02,wmaker,0.20.3-5,0,0,0,1,0,0,0,0,0,0,out-of-date file not removed from installation location
linux-image-2.6.35-trunk-amd64,2010-08-04,linux-2.6,2.6.35-1~experimental.1,0,1,0,1,0,0,0,0,0,0,
parport-modules-2.6.32-5-486-di,2010-12-14,linux-kernel-di-i386-2.6,1.98,0,0,1,0,0,0,0,0,0,0,new version Linux
phpunit,2010-01-10,phpunit,3.4.5-1,0,1,0,0,0,0,0,0,0,0,
redhat-cluster-modules-2.6.25-2-alpha-smp,2008-06-24,linux-modules-extra-2.6,2.6.25-4,0,0,0,1,0,0,0,0,0,0,disabling modules on certain architectures
tagcoll,2006-10-01,tagcoll2,2.0.1-1,0,1,1,0,0,0,0,0,0,0,bump one of dependencies
tellico,2008-01-31,tellico,1.3-1,0,1,0,1,0,0,0,0,0,0,
uisp,2005-03-12,uisp,20050207-1,0,1,0,0,0,0,0,0,0,0,local patches obsolete now
zope2.9-sandbox,2006-07-22,zope2.9,2.9.4-1,0,1,0,0,0,0,0,0,0,0,local patches obsolete now http://help.lockergnome.com/linux/Accepted-zope2-source-i386--ftopict333771.html
atl2-modules-2.6.25-2-mckinley,2008-06-24,linux-modules-extra-2.6,2.6.25-4,0,0,0,1,0,0,0,0,0,0,disabling modules on certain architectures
dict-freedict-cze-eng,2005-10-04,freedict,1.2-1,0,1,1,1,0,0,1,0,0,0,
drbd8-modules-2.6-orion5x,2008-12-21,linux-modules-extra-2.6,2.6.26-6,0,0,0,1,0,0,0,0,0,0,disable module in kernel modules
emacs-snapshot,2006-09-25,emacs-snapshot,1:20060923-1,0,1,1,1,0,0,0,0,0,0,fix version of dependency http://help.lockergnome.com/linux/Accepted-emacs-snapshot-20060923-source-i386--ftopict339628.html
exactimage,2010-05-30,exactimage,0.8.1-6,0,0,0,0,0,0,1,0,0,0,http://lists.debian.org/debian-devel-changes/2010/05/msg02754.html
glibc-doc-reference,2010-06-08,glibc-doc-reference,2.11.1-1,0,0,1,0,0,0,0,0,0,0,update dependencies http://packages.qa.debian.org/g/glibc-doc-reference/news/20100608T162645Z.html
kappfinder,2007-02-10,kdebase,4:3.5.6.dfsg.1-2,0,1,1,1,0,0,1,0,1,0,missing dependency http://packages.debian.org/changelogs/pool/main/k/kdebase/kdebase_3.5.9.dfsg.1-6+lenny1/changelog#versionversion4:3.5.6.dfsg.1-2 + "We (the Debian Qt/KDE team) are trying to update the bug status of some old bugs in the BTS. We are sorry if nobody responded when you filed the bug; KDE has gotten more bugs in the past years than the maintainers could handle. We are trying to fix this now; but we need your help." (http://bugs.debian.org/cgi-bin/bugreport.cgi?bug=386283)
kernel-image-2.6.24-1-s390-tape-di,2008-04-22,linux-kernel-di-s390-2.6,0.22,0,0,1,0,0,0,0,0,0,0,built against new kernel
kfreebsd-image-7-686-smp,2009-06-12,kfreebsd-7,7.2-2,0,0,0,0,0,0,1,0,0,0,http://packages.debian.org/changelogs/pool/main/k/kfreebsd-8/kfreebsd-8_8.1+dfsg-8/changelog#versionversion7.2-2
kqemu-common,2007-03-28,kqemu,1.3.0~pre11-4,0,0,0,1,0,0,0,0,0,0,
libghc6-hslogger-prof,2010-02-17,hslogger,1.0.9-4,0,0,0,0,0,0,1,0,0,0,
libghc6-html-prof,2011-06-03,haskell-dummy,1:4,0,0,0,1,0,0,0,0,0,0,some sub-packages no longer built
libgnomeprintui2.2-doc,2009-03-06,libgnomeprintui,2.18.4-1,0,1,0,0,0,0,0,0,0,0,
libncursesw5-dbg,2009-01-26,ncurses,5.7+20090124-1,0,1,0,0,0,0,0,0,0,0,removing obsolete local patch
libproducer-dev,2006-05-27,openscenegraph,1.0.0-7,0,0,1,0,0,0,1,0,0,0,update dependency
libstdc++6,2005-06-08,gcc-4.0,4.0.0-9,0,1,0,0,0,0,0,0,0,0,http://lists.debian.org/debian-devel-changes/2005/06/msg00312.html
libvirt0-dbg,2010-02-14,libvirt,0.7.6-2,0,0,1,0,0,0,1,0,0,0,dropping dependency + pointing to Fedora bug repo for fix (http://bugs.debian.org/cgi-bin/bugreport.cgi?bug=565767)
libxaw7,2006-01-11,xorg-x11,6.9.0.dfsg.1-3,0,0,0,1,0,0,1,0,0,0,http://packages.qa.debian.org/x/xorg-x11/news/20060110T161818Z.html removing some local patches
libxml-sax-perl,2008-04-05,libxml-sax-perl,0.16+dfsg-3,0,0,0,0,0,0,0,0,0,1,fixing broken link in README
lyskom-elisp-client,2005-09-03,lyskom-elisp-client,0.48-4,0,0,0,0,0,0,0,0,1,0,
opencryptoki-dbg,2007-12-20,opencryptoki,2.2.4.1+dfsg-1,1,0,0,0,0,0,0,0,0,0,
opencv-doc,2005-09-27,opencv,0.9.6-4,0,0,0,0,0,0,1,0,0,0,
openoffice.org-l10n-pt,2006-09-06,openoffice.org,2.0.4~ood680m2-2,0,0,1,1,0,0,0,0,0,0,bump some build dependencies http://help.lockergnome.com/linux/Accepted-openoffice-org-ood680m2-source-i386--ftopict337862.html
pd-pdp,2006-06-11,pdp,1:0.12.4-4.2,0,0,0,0,0,1,0,1,0,0,advanced warning for GCC 4.1 compatibility http://bugs.debian.org/cgi-bin/bugreport.cgi?bug=356169
plip-modules-2.6.17-2-sparc64-di,2006-09-18,linux-kernel-di-sparc-2.6,1.14,0,1,0,0,0,0,0,0,0,0,
tao-imr,2010-07-26,ace,5.7.7-1,0,1,1,1,0,0,1,0,0,0,removing dependencies and some local patches
tor,2006-02-19,tor,0.1.0.17-1,0,1,0,0,0,0,0,0,0,0,
unetbootin,2009-03-08,unetbootin,319-1,0,1,0,0,0,0,0,0,0,0,
xemacs21-gnome-mule-canna-wnn,2009-06-30,xemacs21,21.4.22-2,0,0,1,1,0,0,0,0,0,0,changing/dropping dependencies ; maintainer dependency mails to say something will fix in his packages other package
zemberek-java-demo,2009-05-19,zemberek,2.1.1-7,0,0,0,1,0,0,0,0,0,0,changing section
arts,2007-05-30,arts,1.5.7-2,0,0,0,0,0,0,1,0,0,0,power usage reduction patch http://packages.debian.org/changelogs/pool/main/a/arts/current/changelog.html#versionversion1.5.7-2
finch,2007-08-29,pidgin,2.1.1-2,0,0,1,1,0,0,0,0,0,0,change dependency to prepare future removal of dependency altogether + splitting package to enable other package to build on parts
cli-uno-bridge,2009-12-27,openoffice.org,1:3.1.1-11~bpo50+1,0,0,1,1,1,0,0,0,0,0,dependencies bumped + some package restructuring + VBA macro security fix
default-jdk-builddep,2008-04-27,java-common,0.30,0,0,0,0,0,0,0,0,0,1,just documentation change
ejabberd,2010-08-06,ejabberd,2.1.5-3+squeeze1,0,0,0,0,0,0,1,0,0,0,
exuberant-ctags,2008-06-10,exuberant-ctags,1:5.7-4,0,1,0,0,0,0,0,0,0,0,
freetype2-demos,2006-06-15,freetype,2.0.9-1woody1,0,1,0,0,0,0,0,0,0,0,
gcompris-sound-en,2005-04-06,gcompris,6.5.2-1,0,1,0,1,0,0,0,0,0,0,
gob2,2009-08-01,gob2,2.0.16-3,0,0,0,0,0,0,0,0,0,1,orphan package
iceweasel-l10n-id,2009-06-14,iceweasel-l10n,1:3.0.11+debian-1,0,1,0,0,0,0,0,0,0,0,
kaffe-pthreads-profile,2005-03-24,kaffe,2:1.1.4.PRECVS10-1,0,1,0,0,0,0,0,0,0,0,
kde-i18n-sv,2005-12-06,kde-i18n,4:3.4.3-2,0,0,1,0,0,0,0,0,0,0,bumped dependency http://lists.debian.org/debian-devel-changes/2005/12/msg00219.html
kernel-headers-2.6.8-4-itanium-smp,2008-02-23,kernel-image-2.6.8-ia64,2.6.8-15sarge1,0,0,1,0,0,0,0,0,0,0,rebuild against new kernel version http://lists.debian.org/debian-changes/2008/02/msg00158.html
libaio1-udeb,2008-06-24,libaio,0.3.107-4,0,0,0,1,0,0,0,0,0,0,
libboost-date-time1.35-dev,2008-08-04,boost1.35,1.35.0-6,0,1,1,1,0,0,1,0,0,0,put in experimental to not mess with etch freeze http://packages.qa.debian.org/b/boost1.35/news/20080804T021712Z.html
libgoffice-0-dev,2007-11-05,goffice0.4,0.4.2-2,0,0,1,0,0,0,0,0,0,0,dependency cleanup
libpulse-dev,2009-04-19,pulseaudio,0.9.15-3,0,0,1,1,0,0,1,0,0,0,maintainer dependency warns for change in his package (won't break immediately; but likely afterwards) http://bugs.debian.org/cgi-bin/bugreport.cgi?bug=527424
librpm4,2005-03-12,rpm,4.0.4-30,0,0,0,0,0,0,0,0,0,1,new email address of maintainer
linux-image-r5k-ip32,2006-10-06,linux-latest-2.6,3,0,0,1,0,0,0,0,0,0,0,update dependencies
openoffice.org-help-pl,2011-07-09,openoffice.org,1:3.2.1-11+squeeze3,0,0,0,1,0,0,0,0,0,0,
php5-common,2011-03-19,php5,5.3.6-2,0,0,1,0,0,0,0,0,0,0,other dependencies + will contact apache2 maintainer to coordinate change
php5-syck,2007-07-29,syck,0.55+svn256-1,0,1,1,0,0,0,0,0,0,0,http://help.lockergnome.com/linux/Accepted-syck-55-svn256-source-powerpc--ftopict485153.html
redhat-cluster-source,2009-11-17,redhat-cluster,3.0.4-3,0,0,0,0,0,0,0,0,1,0,
trac-ja-resource,2007-05-16,trac-ja-resource,0.10.3.1-ja-1-1,0,1,1,0,0,0,0,0,0,0,dependency added
usb-modules-2.6.26-1-orion5x-di,2009-01-16,linux-kernel-di-armel-2.6,1.32,0,0,1,0,0,0,0,0,0,0,built against new kernel version
virtualbox-ose-modules-2.6.26-1-amd64,2008-12-16,virtualbox-ose-modules-2.6,2.6.26-1,0,1,0,1,0,0,0,0,0,0,
xfprint4,2005-03-20,xfprint4,4.2.1-1,0,1,0,0,0,0,0,0,0,0,
xfs-modules-2.6.30-1-sparc64-di,2009-09-13,linux-kernel-di-sparc-2.6,1.47,0,0,1,0,0,0,0,0,0,0,built against new version kernel
grub-rescue-pc,2008-07-25,grub2,1.96+20080724-16,0,0,0,1,0,0,0,0,0,0,https://launchpad.net/debian/+source/grub2/1.96+20080724-16
lg-issue26,2009-08-02,lg-issue26,5-2,0,0,1,0,0,0,0,0,0,0,dependencies fixed http://packages.qa.debian.org/l/lg-issue26/news/19990927T190427Z.html
libc6.1-prof,2007-04-24,glibc,2.5-4,0,0,0,1,0,0,1,0,0,0,
liblogthread3,2010-05-01,redhat-cluster,3.0.9-2,0,0,0,0,0,0,0,0,1,0,
libn32gomp1,2011-05-08,gcc-4.6,4.6.0-7,0,1,0,0,0,0,0,0,0,0,
libncurses-ruby,2006-03-22,ncurses-ruby,1.0-2,0,0,0,1,0,0,0,0,0,0,
libppix-regexp-perl,2011-01-06,libppix-regexp-perl,0.016-1,0,1,1,0,0,0,0,0,0,0,order of dependencies changed
loop-aes-modules-2.6-mckinley,2008-04-11,linux-modules-extra-2.6,2.6.24-7,0,1,0,0,0,0,0,0,0,0,modules (code) added
mozilla-browser,2008-04-29,iceape,1.0.13~pre080323b-0etch3,0,0,0,0,0,0,1,0,0,0,http://lists.debian.org/debian-changes/2008/07/msg00035.html
ndiswrapper-utils-1.7,2006-04-26,ndiswrapper,1.8-2,0,0,0,1,0,0,0,0,0,0,
ocaml,2005-03-24,ocaml,3.08.3-3,0,0,0,1,0,0,0,0,0,0,
openmpi-common,2007-07-11,openmpi,1.2.3-0,0,1,1,1,0,0,1,1,0,0,long double transition change of dependencies http://bugs.debian.org/cgi-bin/bugreport.cgi?bug=430321
python-gtkmvc,2008-02-28,pygtkmvc,1.2.1-2,0,0,1,0,0,0,0,0,0,0,added dependency
python-newt,2006-04-13,newt,0.52.2-4,0,0,0,0,0,0,0,0,1,0,
python3-mako,2010-10-21,mako,0.3.5-1,0,1,0,0,0,0,0,0,0,0,
r6040-modules-2.6.26-1-486,2008-08-05,linux-modules-extra-2.6,2.6.26-1,0,1,0,1,0,0,0,0,0,0,rebuilding for new kernel + disabling some modules
reiserfs-modules-2.6.37-2-powerpc-di,2011-03-14,linux-kernel-di-powerpc-2.6,1.80,0,0,1,0,0,0,0,0,0,0,rebuilt for new kernel
smbclient,2008-03-10,samba,3.0.28-3,0,0,1,0,0,0,1,0,1,0,forgotten dependency
inn,2009-08-02,inn,1.4unoff4-1,0,0,0,0,0,0,1,0,0,0,
crypto-modules-2.6.30-2-amd64-di,2009-10-09,linux-kernel-di-amd64-2.6,1.61,0,0,1,0,0,0,0,0,0,0,rebuilt against new kernel
electric-fence,2009-08-02,electric-fence,2.0.5-1,0,0,0,0,0,0,0,0,0,1,new maintainer
emacs-lisp-intro,2009-08-02,emacs-lisp-intro,1.05-3,0,0,0,1,0,0,0,0,0,0,https://liszt.debian.org/debian-devel-changes/2000/01/msg03165.html
korundum4,2010-09-14,kdebindings,4:4.4.5-3,0,0,1,0,0,0,0,0,0,0,adding dependencies https://liszt.debian.org/debian-devel-changes/2000/01/msg03165.html
libavcodec51,2008-05-28,ffmpeg-free,0.svn20080206-6,0,0,0,1,0,0,0,0,0,0,http://packages.qa.debian.org/f/ffmpeg-free/news/20080527T230206Z.html
libcanberra-gtk0,2009-10-25,libcanberra,0.22-1,0,1,1,0,0,0,1,0,0,0,
libfaifa-dev,2010-07-27,faifa,0.2~svn64-1,0,1,0,0,0,0,0,0,0,0,all local patches dropped because adopted
libghc-regex-tdfa-utf8-dev,2011-05-27,haskell-regex-tdfa-utf8,1.0-4,0,0,1,0,0,0,0,0,0,0,change dependencies
libjcalendar-java,2007-07-08,libjcalendar-java,1.3.2-0.1,0,1,1,0,0,0,0,1,0,0,NMUs because of maintainer not enough reactive (http://bugs.debian.org/cgi-bin/bugreport.cgi?bug=424981 and http://bugs.debian.org/cgi-bin/bugreport.cgi?bug=424982)
libksieve4,2009-09-02,kdepim,4:4.3.1-1,0,1,1,0,0,0,0,0,0,0,dependencies bumped and changed
libperl-prereqscanner-perl,2010-12-26,libperl-prereqscanner-perl,1.000-1,0,1,1,0,0,0,0,0,0,0,dependency added
libtelepathy-farsight-doc,2010-12-29,telepathy-farsight,0.0.16-1,0,1,0,0,0,0,0,0,0,0,
libwebkitgtk-3.0-0,2011-01-16,webkit,1.3.10-1,0,1,1,1,0,0,0,0,0,0,build dependency bumped
linux-image-2.6.18-6-sparc64-smp,2007-01-25,linux-2.6,2.6.18.dfsg.1-24etch3,0,0,0,0,0,0,1,0,0,0,http://openvz.org/pipermail/debian/2009-February/000443.html
mini-buildd-common,2011-07-20,mini-buildd,0.9.6,0,0,1,1,0,0,1,0,0,0,
monodevelop-nunit,2010-01-10,monodevelop,2.2+dfsg-2,0,0,0,0,0,0,1,0,0,0,
python-biopython-sql,2008-01-17,python-biopython,1.44-3,0,0,0,1,0,0,0,0,0,0,
scsi-core-modules-2.6.26-1-iop32x-di,2008-09-14,linux-kernel-di-armel-2.6,1.23,0,0,1,0,0,0,0,0,0,0,built against new kernel version
t-coffee,2007-12-30,t-coffee,5.31-1,0,1,0,1,0,0,1,0,0,0,
zaptel-source,2006-10-24,zaptel,1:1.2.10.dfsg-1,0,1,0,0,0,0,0,0,0,0,
aap-doc,2006-08-11,aap,1.072-1.1,0,0,0,0,0,1,0,1,0,0,mass check for adherence for new Python policy
avifile-mjpeg-plugin,2009-11-19,avifile,1:0.7.48~20090503.ds-2,0,0,1,1,0,0,0,0,0,0,some dependencies dropped
awl-doc,2010-09-21,awl,0.45-0,0,1,0,0,0,0,0,0,0,0,
binutils-doc,2010-03-08,binutils,2.20.1-1,0,1,0,1,0,0,0,0,0,0,
kdessh,2008-02-07,kdeutils,4:4.0.1-1,0,1,1,1,0,0,0,0,0,0,more specific dependencies + dependency bump
clamav-milter,2009-04-15,clamav,0.95.1+dfsg-1,0,1,1,1,0,0,1,0,1,0,build dependency bumped + one dropped
decompyle,2006-10-25,decompyle,2.3.2-4,0,0,0,1,0,1,0,0,0,0,project-wide Python upgrade http://bugs.debian.org/cgi-bin/bugreport.cgi?bug=380768
dpsyco-skel,2008-04-08,dpsyco,1.0.35,0,0,0,1,0,1,0,0,0,0,project-wide bashism
fbset,2009-08-02,fbset,2.0-2,0,0,0,1,0,0,0,0,0,0,
kfreebsd-image-7-em64t-p4,2008-09-05,kfreebsd-7,7.0-5,0,0,0,0,1,0,0,0,0,0,
kig,2009-03-15,kdeedu,4:4.2.1-1,0,1,1,1,0,0,0,0,0,0,changing to other dependencies + patch obsolete + package restructuring
libdlm3,2009-11-17,redhat-cluster,3.0.4-3,0,0,0,0,0,0,0,0,1,0,
libgcj2,2005-03-12,gcc-3.0,1:3.0.4ds3-7,0,0,1,0,0,0,0,0,0,0,bumped dependencies http://lists.debian.org/debian-devel-changes/2002/04/msg00721.html
libk3b-dev,2006-05-03,k3b,0.12.15-2,0,0,0,1,0,0,0,0,0,0,splitting up package
libkonq4,2006-08-28,kdebase,4:3.3.2-1sarge3,0,0,0,0,1,0,0,1,0,0,information disclosure vulnerability fixed http://help.lockergnome.com/linux/Accepted-kdebase-1sarge3-source-i386--ftopict327282.html
libobjc2,2009-08-01,gcc-4.4,4.4.1-3,0,1,1,1,0,0,1,0,0,0,resolve version conflicts
libspatialite2,2010-04-04,spatialite,2.4.0~rc2-1,0,1,1,1,0,1,0,0,0,0,fixing versions of dependencies to enable future binNMUs (http://bugs.debian.org/cgi-bin/bugreport.cgi?bug=553855) + adding new one + new format for source code patches based on quilt http://bugs.debian.org/cgi-bin/bugreport.cgi?bug=538566
libvoikko-dev,2010-01-27,libvoikko,2.2.2-1,0,1,0,1,0,0,0,0,0,0,
linux-image-2.6.32-bpo.5-vserver-sparc64,2010-09-19,linux-2.6,2.6.32-23~bpo50+1,0,0,0,0,0,0,1,0,0,0,
monotone,2007-11-02,monotone,0.37-1,0,1,1,0,0,0,1,0,0,0,dependencies on external boost gone
mr,2007-10-26,mr,0.8,0,0,0,0,0,0,1,0,0,0,
php5-common,2010-02-23,php5,5.3.1-5,0,0,1,1,0,0,1,0,0,0,adding dependency
python-jinja2,2008-08-10,jinja2,2.0-1,0,1,1,0,0,0,0,0,0,0,dependency bumped + local patch obsolete
rgbpaint,2011-03-14,rgbpaint,0.8.7-2,0,0,0,1,0,0,0,0,0,0,http://bugs.debian.org/cgi-bin/bugreport.cgi?bug=617276
seahorse,2008-12-16,seahorse,2.24.1-2,0,0,0,0,0,0,0,0,0,1,no real explanation except "Upload to unstable"
splashy-themes,2006-09-15,splashy,0.1.8.1-3.1,0,0,1,0,0,0,0,1,0,0,dependency bumped  http://help.lockergnome.com/linux/Accepted-splashy-source-i386--ftopict338663.html
usb-storage-modules-2.6.16-1-powerpc-miboot-di,2006-03-30,linux-kernel-di-powerpc-2.6,1.13,0,0,1,0,0,0,0,0,0,0,rebuilt for new kernel
apbs,2008-03-17,apbs,0.5.1-2,0,0,1,1,0,0,0,1,0,0,dependency updates + blas libraries rebuilt and renamed as part of g77 to gFortran transition (http://bugs.debian.org/cgi-bin/bugreport.cgi?bug=462263)
git-core,2009-05-28,git-core,1:1.6.3.1-1+hurdfr1,0,1,0,0,0,0,0,0,0,0,http://changelogs.ubuntu.com/changelogs/pool/main/g/git-core/git-core_1.7.0.4-1ubuntu0.2/changelog
gobby-0.5-dbg,2009-05-18,gobby-infinote,0.4.92-1,1,0,0,0,0,0,0,0,0,0,
kernel-image-2.4-k7,2006-03-25,kernel-latest-2.4-i386,101sarge1,0,0,1,0,0,0,0,0,0,0,ABI update http://help.lockergnome.com/linux/Accepted-kernel-latest-i386-101sarge1-source-i386--ftopict242441.html
kthesaurus,2010-07-13,koffice,1:2.2.1-1,0,1,1,1,0,0,0,0,0,0,lots of dependency updates + fix that took quite some time because package update requires copyright-review http://bugs.debian.org/cgi-bin/bugreport.cgi?bug=580782
libboost-iostreams1.38.0,2009-04-03,boost1.38,1.38.0-6,0,0,1,0,0,0,0,0,0,0,dependencies updated to avoid conflicts http://lists.debian.org/debian-devel-changes/2009/05/msg00220.html
libboost-program-options-dev,2008-03-23,boost,1.34.1-8,0,0,1,1,0,0,0,0,0,0,dependencies bumped + bug reported to Debian only seen after 1 year by boost people (https://svn.boost.org/trac/boost/ticket/977)
libc0.3-pic,2009-01-07,glibc,2.9-7,0,0,0,1,0,0,0,0,1,0,https://launchpad.net/debian/+source/glibc/2.9-7
libc6-pic,2011-01-20,eglibc,2.11.2-9,0,0,0,1,0,0,0,0,0,0,disabling build failure if test regression until after squeeze release
libdb4.5-dev,2008-05-10,db4.5,4.5.20-12,0,0,1,1,0,1,0,0,0,0,add conflict + bump dependencies + disable build on some platforms because gij/gcj not available on them (http://bugs.debian.org/cgi-bin/bugreport.cgi?bug=477861)
libgdict-1.0-dev,2011-07-13,gnome-utils,3.0.1-2,0,0,0,1,0,0,0,0,0,0,
libgssapi-krb5-2,2009-05-13,krb5,1.7dfsg~beta2-4,0,1,0,0,0,0,1,0,0,0,patch not well documented; formatted and incrementalized (http://bugs.debian.org/cgi-bin/bugreport.cgi?bug=528828)
libhttp-request-ascgi-perl,2009-04-29,libhttp-request-ascgi-perl,0.9-1,0,1,0,1,0,0,0,0,0,0,
libmysqld-pic,2010-01-20,mysql-dfsg-5.1,5.1.41-4,0,0,0,1,1,0,0,0,0,0,https://launchpad.net/debian/+source/mysql-dfsg-5.1/5.1.41-4
libobjc2,2008-10-25,gcc-4.3,4.3.2-2~exp2,0,1,0,1,0,0,0,0,0,0,
libserveez-dev,2008-05-30,serveez,0.1.5-2.1,0,0,0,1,0,0,0,1,0,0,http://bugs.debian.org/cgi-bin/bugreport.cgi?bug=424263
network-manager-dbg,2011-03-13,network-manager,0.8.1-6+squeeze1,0,0,0,0,0,0,1,0,0,0,
nip2,2010-01-10,nip2,7.20.7-1,0,1,0,0,0,0,0,0,0,0,
octave-epstk,2007-05-24,octave-epstk,2.2-15,0,0,0,1,0,0,0,0,0,0,
php5-xmlrpc,2008-09-25,php5,5.2.6-4,0,1,0,0,1,0,1,0,0,0,
redhat-cluster-modules-2.6.26-1-vserver-powerpc,2008-11-02,linux-modules-extra-2.6,2.6.26-5,0,0,1,1,0,0,0,0,0,0,rebuilt against new kernel + dis/enable some modules
reiserfs-modules-2.6.12-1-powerpc64-di,2005-09-15,linux-kernel-di-powerpc-2.6,1.02,0,0,1,1,0,0,0,0,0,0,rebuilt against new kernel + moving some modules around
rsyslog-gssapi,2011-02-19,rsyslog,5.7.4-1,0,0,0,1,0,0,0,0,0,0,
speakup-modules-2.6.25-2-vserver-powerpc64,2008-06-24,linux-modules-extra-2.6,2.6.25-4,0,0,0,1,0,0,0,0,0,0,disabling some modules
tryton-modules-stock-supply,2010-02-20,tryton-modules-stock-supply,1.4.1-2,0,0,1,0,0,0,0,0,0,0,removing unneeded dependency
tshark,2009-12-19,wireshark,1.2.5-1,0,1,0,1,0,0,0,0,0,0,
vim-gui-common,2010-07-13,vim,2:7.2.445+hg~cb94c42c0e1a-1,0,1,0,1,0,0,0,0,0,0,
cl-rss,2007-09-10,cl-rss,0.1.1-4,0,0,0,1,0,0,0,0,0,0,
courier-ldap,2008-04-04,courier,0.59.0-1,0,1,1,1,0,1,1,0,0,0,bump dependency because of removal automake1.8 (threatens to NMU; http://bugs.debian.org/cgi-bin/bugreport.cgi?bug=473361) + cleanup of bashisms (http://bugs.debian.org/cgi-bin/bugreport.cgi?bug=472226)
egroupware-news-admin,2006-07-30,egroupware,1.2-104.dfsg-1,0,1,1,0,0,0,0,0,1,0,local patch obsolete + dependencies on php bumped
egroupware-tracker,2008-09-13,egroupware,1.4.004-2.dfsg-3,0,0,0,0,0,0,0,0,1,0,
eric,2009-10-13,eric,4.3.8-1,0,1,0,1,0,1,0,0,0,0,bashism thing
freetds0,2005-03-12,freetds,0.53-7,0,0,0,1,0,0,0,0,0,0,
gforge-plugin-scmsvn,2007-09-14,gforge,4.6.99+svn6094-1,0,1,0,0,0,0,0,0,0,0,
gnunet-dbg,2008-02-13,gnunet,0.7.3-3,0,0,0,1,0,1,0,0,0,0,warning because linking with static non-PIC library into shared library http://bugs.debian.org/cgi-bin/bugreport.cgi?bug=454948
gosa-plugin-pptp-schema,2011-04-12,gosa,2.7.1-1,0,1,1,0,0,0,0,0,0,0,accidental dependency
kdegraphics,2007-11-14,kdegraphics,4:3.5.8-2,0,0,0,1,1,0,0,0,0,0,http://lists.debian.org/debian-devel-changes/2007/11/msg00460.html + making package binNMU-safe (http://bugs.debian.org/cgi-bin/bugreport.cgi?bug=448254)
keyutils-dbg,2010-04-04,keyutils,1.4-3,0,0,0,0,0,0,0,0,0,1,text stuff
krb5-user,2009-04-25,krb5,1.7dfsg~beta1-3,0,0,1,0,0,0,0,0,0,0,change dependencies to smoothen future transitions
ksymoops,2009-08-02,ksymoops,2.3.4-1,0,1,0,1,0,0,0,0,0,0,asked to get in frozen package
libaspect-perl,2010-05-29,libaspect-perl,0.90-1,0,1,0,0,0,0,0,0,0,0,
libfontconfig1-dev,2005-03-12,fontconfig,2.3.1-1,0,0,0,1,0,0,1,0,0,0,
libkdesu5,2010-11-27,kde4libs,4:4.4.5-2,0,0,1,0,0,0,0,0,0,0,resolve conflicts
libmodule-versions-report-perl,2006-10-17,libmodule-versions-report-perl,1.02-3,0,0,1,0,0,0,0,0,0,0,moving dependencies
libsane-dev,2005-03-12,sane-backends,1.0.7-4,0,0,0,0,0,0,1,0,0,0,http://lists.debian.org/debian-changes/2003/02/msg00007.html
libsoqt4-20,2008-04-27,soqt,1.4.1-3,0,0,0,1,0,0,0,0,0,0,renaming packages + allowing both Qt3 and Qt4 build
linux-patch-debian-2.6.24,2008-09-12,linux-2.6.24,2.6.24-6~etchnhalf.5,0,0,0,0,1,0,1,0,0,0,
linuxinfo,2006-03-17,linuxinfo,1.1.8-16,0,0,0,0,0,0,1,0,0,0,
