source_package,end_revision,end_date,end_time,start_revision,start_date,start_time,new,upstream,dep,packaging,security,product_wide,local_patch,nmu,translation,other,comments
audio/p5-MP3-Info,1.5,2003-02-21,10:59:33,1.3,2001-03-01,06:38:09,0,1,0,1,0,1,0,0,0,0,remove pkg-comment file
benchmarks/forkbomb,1.1,2004-01-22,17:57:44,INIT,1990-01-01,01:01:01,1,0,0,0,0,0,0,0,0,0,user-submission accepted by mentor http://www.FreeBSD.org/cgi/query-pr.cgi?pr=ports%2F61717&cat=
databases/py-MySQLdb-devel,1.11,2001-01-26,14:01:01,1.10,2001-01-21,15:40:36,0,1,0,0,0,0,0,0,0,0,
devel/p5-SVN-Hooks,1.11,2010-01-07,20:22:22,1.10,2009-12-15,14:17:49,0,1,0,0,0,0,0,0,0,0,
math/octave-forge-fpl,1.10,2010-06-02,16:23:42,1.8,2010-02-05,11:40:51,0,1,0,1,0,0,0,0,0,0,release system of octave forge ports does not fit with existing system, so build changes http://www.FreeBSD.org/cgi/query-pr.cgi?pr=144512&cat=
shells/es,1.16,2004-03-14,03:40:14,1.12,2000-12-08,13:08:16,0,0,0,1,0,1,1,0,0,0,remove pkg-comment file + broken on amd64
www/py-HTMLgen,1.18,2003-02-20,19:15:36,1.11,2001-02-05,15:33:45,0,1,0,1,0,1,0,0,0,0,remove pkg-comment file
www/tinyproxy,1.16,2004-05-06,09:03:51,1.14,2004-02-04,05:09:36,0,1,0,1,0,1,0,1,0,0,maintainer time-out http://www.FreeBSD.org/cgi/query-pr.cgi?pr=ports/64923 + SIZEIFY thing
devel/p5-Module-Versions-Report,1.5,2008-06-16,08:33:37,1.4,2008-06-06,16:04:23,0,1,0,0,0,0,0,0,0,0,
devel/ppl,1.13,2004-08-23,02:22:48,1.12,2004-03-14,06:16:24,0,1,0,0,0,0,0,0,0,0,
games/uhexen,1.8,2004-03-13,10:04:53,1.1,2003-02-10,15:13:40,0,0,1,1,0,1,0,0,0,0,remove pkg-comment file + gettext updated, so this one also needs to + build changes tweak configuration settings of the game + download shareware .wad file + SIZEIFY thing
graphics/gstreamer-plugins-libpng,1.3,2005-07-13,06:40:53,1.2,2005-05-31,15:51:39,0,0,0,1,0,0,0,0,0,0,changing PORTREVISION-functionality to enable smoother bumps of own versioning scheme
irc/p5-Parse-IRC,1.2,2009-05-01,14:02:35,1.1,2008-06-20,22:11:38,0,1,0,0,0,0,0,0,0,0,
mail/bogofilter,1.4,2003-01-01,17:29:56,1.3,2002-11-22,23:22:54,0,1,0,0,0,0,1,0,0,0,
www/davical,1.3,2009-04-24,20:30:04,1.1,2008-06-18,06:38:40,0,1,1,1,0,0,1,0,0,0,add (missing) dependency + user-supplied patches accepted by maintainer
www/screem,1.75,2010-02-05,11:45:07,1.74,2009-07-31,13:56:36,0,1,0,0,0,1,0,0,0,0,For ports maintained by ports@FreeBSD.org, remove names and/or e-mail addresses from the pkg-descr file that could reasonably be mistaken for maintainer contact information in order to avoid confusion on the part of users looking for support. As a pleasant side effect this also avoids confusion and/or frustration for people who are no longer maintaining those ports.
chinese/koffice-i18n-zh_TW,1.23,2006-12-19,21:19:15,1.22,2006-09-12,23:26:14,0,1,0,0,0,0,0,0,0,0,
devel/py-ply,1.5,2003-02-20,17:07:02,1.1,2001-07-31,09:56:58,0,1,0,0,0,1,0,0,0,0,the de-pkg-comment thing <--> didn't go that easy (first time reverted back to pkg-comment, afterwards redone as PORTCOMMENT) + maintainer stepped up
emulators/snes9x,1.23,2000-11-22,03:18:33,1.22,2000-11-20,02:19:43,0,0,0,1,0,0,1,0,0,0,optimization and special flag by default enabled by now
math/mathomatic,1.119,2010-12-22,22:04:39,1.118,2010-11-30,22:35:10,0,1,0,0,0,0,0,0,0,0,
multimedia/xawtv,1.4,2002-01-16,22:08:42,1.3,2001-09-11,02:22:49,0,1,0,0,0,0,0,0,0,0,Hand maintainership to Oliver Lehmann <lehmann@ans-netz.de>, since greid doesn't seem to be interested in this port any more (various feedback timeouts and mails from him indicate this)
net/socketpipe,1.3,2004-02-06,13:12:08,1.1,2003-09-01,11:07:58,0,1,0,1,0,0,0,0,0,0,
security/p5-Crypt-DSA,1.8,2005-11-14,05:03:34,1.7,2005-01-09,21:28:34,0,1,0,0,0,0,0,0,0,0,
www/woof,1.1,2009-07-07,18:43:54,INIT,1990-01-01,01:01:01,1,0,0,0,0,0,0,0,0,0,
devel/p5-Glib2,1.10,2004-08-20,02:56:36,1.8,2004-04-20,07:56:02,0,1,0,1,0,0,0,0,0,0,+ change of maintainer
ports-mgmt/porteasy,1.3,2000-10-19,21:02:45,1.2,2000-10-09,11:45:45,0,0,0,0,0,0,1,0,0,0,actual code inside, it's a ports management tool
security/pam_ldap,1.38,2006-07-09,06:51:06,1.37,2005-08-27,19:20:04,0,1,0,1,0,1,0,0,0,0,sha256-ify
sysutils/xbattbar,1.5,2000-04-22,10:13:52,1.4,2000-04-17,00:18:48,0,0,0,1,0,0,0,0,0,0,
www/ruby-fcgi,1.4,2003-03-28,09:54:15,1.3,2003-03-23,06:46:30,0,1,0,0,0,0,0,0,0,0,
games/gturing,1.10,2004-12-12,14:49:37,1.8,2004-04-05,03:29:50,0,0,1,0,0,1,0,0,0,0,Bump PORTREVISIONS for all ports that depend on atk or pango to ease in the big upgrade.
japanese/im-ja,1.31,2009-07-31,13:53:01,1.30,2008-10-26,20:56:10,0,0,1,0,0,1,0,0,0,0,bump all port that indirectly depends on libjpeg and have not yet been bumped or updated
misc/pciids,1.10,2007-08-01,14:14:22,1.9,2007-07-02,20:14:54,0,1,0,0,0,0,0,0,0,0,
print/cups-base,1.44,2005-01-24,17:22:59,1.42,2004-12-24,23:17:44,0,1,1,0,1,0,0,0,0,0,build with other dependencies to fix issues with FF + maintainer change + fix vulnerability detected by student in course (http://www.cups.org/str.php?L1024)
www/p5-Jifty,1.10,2008-04-17,14:30:09,1.7,2007-01-29,11:38:21,0,1,0,1,0,1,0,0,0,0,massive cpan thing
x11-drivers/xf86-video-intel,1.19,2010-05-07,05:12:32,1.17,2010-05-01,11:40:42,0,0,0,1,0,0,1,0,0,0,
databases/mysql51-server,1.116,2001-06-14,08:25:07,1.115,2001-05-23,20:26:06,0,1,0,1,0,0,0,0,0,0,
databases/p5-Class-DBI-FromCGI,1.2,2003-08-27,12:17:43,1.1,2003-08-20,08:44:36,0,1,0,0,0,0,0,0,0,0,
mail/libvmime,1.1,2005-09-20,12:18:52,INIT,1990-01-01,01:01:01,1,0,0,0,0,0,0,0,0,0,
www/xpi-speed-dial,1.2,2008-09-26,09:07:50,1.1,2008-05-19,20:46:13,0,1,0,0,0,0,0,0,0,0,
x11-wm/sawfish,1.20,2000-06-24,16:38:17,1.19,2000-06-14,13:20:59,0,1,0,0,0,0,0,0,0,0,
x11/xmove,1.5,2000-04-13,19:10:51,1.1,1998-04-19,06:02:25,0,0,1,1,0,0,0,0,0,0,new version of bsd.port.mk needed + move towards PORTNAME system
devel/gnulibiberty,1.11,2009-04-03,13:25:33,1.9,2008-08-21,06:16:40,0,0,1,1,0,0,0,0,0,0,new dependency version
devel/linux-f10-libglade,1.2,2001-03-08,01:14:36,1.1,2001-02-12,16:40:05,0,0,0,1,0,0,0,0,0,0,
irc/xchat,1.127,2007-03-26,20:11:31,1.125,2007-01-06,01:01:15,0,0,1,0,0,0,0,0,1,0,wrong version number in CONFLICT + Japanese translation error prevented execution
math/py-networkx,1.1,2008-06-15,21:16:00,INIT,1990-01-01,01:01:01,1,0,0,0,0,0,0,0,0,0,
multimedia/libdvdcss,1.10,2002-11-28,00:09:48,1.8,2002-06-04,16:32:00,0,1,0,1,0,0,0,0,0,0,moved between package categories
net/phamm,1.5,2009-01-05,19:04:28,1.4,2008-06-06,13:50:14,0,0,1,0,0,0,0,0,0,0,dependency bumped
print/pslib,1.1,2004-07-13,02:45:48,INIT,1990-01-01,01:01:01,1,0,0,0,0,0,0,0,0,0,
www/seamonkey2,1.187,2004-04-29,19:23:34,1.186,2004-04-12,03:29:59,0,1,0,0,0,0,1,0,0,0,
archivers/libunrar,1.17,2009-09-29,00:34:45,1.16,2009-07-09,13:56:37,0,1,0,0,0,0,0,0,0,0,
devel/gob2,1.5,2000-04-10,01:10:17,1.1,2000-01-25,11:13:56,0,1,0,0,0,0,0,0,0,0,
java/eclipse-log4e,1.7,2010-02-05,11:40:03,1.6,2008-06-06,13:38:32,0,0,1,0,0,0,0,0,0,0,update to dependency
misc/kde3-i18n-et,1.46,2007-05-19,20:16:05,1.25,2004-02-04,04:36:10,0,0,1,1,0,1,0,0,0,0,massive update of X.org 7.2
misc/tellico-kde4,1.63,2009-12-02,17:16:13,1.61,2009-08-02,19:34:44,0,1,1,1,0,0,0,0,0,0,taglib dependency update
print/libgnomeprint,1.41,2002-01-21,11:46:48,1.38,2001-11-22,08:57:36,0,1,1,1,0,0,0,0,0,0,freetype2 dependency update + Move creation of ${PREFIX}/etc/gnome/fonts/gnome-print-x11.fontmap from pkg-plist to Makefile on a second attempt to fix bento build and unlock building of some 200 ports that depend on gnomeprint.
sysutils/anteater,1.9,2003-10-25,21:07:14,1.8,2003-10-18,22:21:33,0,1,0,0,0,0,0,0,0,0,
www/lynx-current,1.117,2000-06-07,18:09:46,1.116,2000-06-05,06:55:54,0,1,0,1,0,0,0,0,0,0,
www/squid31,1.234,2010-02-02,09:41:28,1.233,2009-12-24,06:15:42,0,1,0,0,0,0,0,0,0,0,
x11-toolkits/py-gnome2,1.61,2002-11-12,02:09:58,1.58,2002-07-14,13:39:06,0,1,1,1,0,0,0,0,0,0,bump of dependency + GNOME FTP site layout changed
graphics/p5-GD-SVG,1.10,2009-07-31,13:52:31,1.8,2009-03-15,20:21:30,0,1,1,0,0,1,0,0,0,0,bump all port that indirectly depends on libjpeg and have not yet been bumped or updated
sysutils/fusefs-ntfs,1.31,2009-01-06,17:59:26,1.28,2008-05-18,15:49:08,0,1,0,1,0,1,0,0,0,0,one of the changes is part of massive automated Makefile change in >1,000 ports http://www.FreeBSD.org/cgi/query-pr.cgi?pr=126524
www/firefox36,1.19,2002-11-01,16:24:19,1.11,2002-10-27,22:24:13,0,1,1,1,0,0,0,0,0,0,adding dependency to GTK+ and FreeBSD version
comms/gammu-devel,1.43,2009-03-24,19:12:57,1.42,2009-03-12,08:01:19,0,0,1,0,0,0,0,0,0,0,cmake dependency update
databases/qt-odbc-plugin,1.18,2010-02-05,11:35:07,1.17,2009-08-19,09:15:57,0,0,1,0,0,0,0,0,0,0,update to jpeg-8
graphics/djvulibre,1.43,2006-04-18,11:28:26,1.41,2006-02-23,10:36:53,0,0,1,0,0,0,0,0,0,0,fixing dependency
math/octave-forge-ocs,1.4,2009-05-26,22:29:09,1.3,2009-04-05,20:50:43,0,1,0,0,0,0,0,0,0,0,
net/asterisk16,1.72,2007-05-28,20:21:07,1.70,2007-04-26,07:57:33,0,1,0,1,0,0,0,0,0,0,
net/quagga,1.45,2006-11-08,23:07:29,1.43,2006-07-17,16:28:21,0,1,0,0,0,0,1,0,0,0,emergency local patch http://www.FreeBSD.org/cgi/query-pr.cgi?pr=ports/105279
security/openvpn-beta,1.1,2010-08-14,15:48:51,INIT,1990-01-01,01:01:01,1,0,0,0,0,0,0,0,0,0,
devel/libnotify,1.20,2008-06-06,13:21:28,1.19,2007-05-19,20:03:08,0,0,1,0,0,1,0,0,0,0,bump of dependency, part of massive change again (http://www.FreeBSD.org/cgi/query-pr.cgi?pr=ports/124340) <--> is shot-down version of even more massive patch
devel/zziplib,1.24,2009-08-22,00:18:41,1.22,2008-08-21,06:16:52,0,1,0,1,0,0,0,0,0,0,
editors/f4l,1.5,2007-10-21,20:00:25,1.1,2006-06-06,20:14:00,0,0,1,1,0,1,0,0,0,0,X.org 7.2 massive update
french/eficas,1.23,2009-01-20,18:29:51,1.17,2007-09-02,07:16:03,0,1,0,0,0,0,0,0,0,0,
games/freedink-engine,1.6,2010-03-28,06:34:53,1.5,2010-02-05,11:37:18,0,1,0,0,0,0,0,0,0,0,
games/qnetwalk,1.3,2004-11-27,14:53:00,1.1,2004-11-12,12:02:57,0,0,1,1,0,0,0,0,0,0,adding dependency on qmake
japanese/font-ume,1.12,2010-06-04,08:09:19,1.9,2010-03-02,14:33:36,0,1,1,1,0,0,0,0,0,0,make dependency of library dependent on OS version
java/diablo-jre16,1.19,2011-04-24,23:03:17,1.18,2011-03-05,20:53:05,0,0,1,0,0,0,0,0,0,0,build dependency update
www/linux-flashplugin9,1.34,2009-04-28,00:18:42,1.31,2009-01-07,22:02:12,0,1,0,1,1,0,0,0,0,0,massive build change to support emulation of multiple Linux versions of ports http://www.FreeBSD.org/cgi/query-pr.cgi?pr=ports/132510 + upstream fixes security thing
x11-drivers/xf86-input-void,1.4,2009-01-24,22:06:27,1.3,2008-06-06,14:10:23,0,0,0,0,0,1,0,0,0,0,Bump PORTREVISION for x11 drivers that weren't updated.
audio/ruby-xmms,1.13,2007-05-19,19:59:42,1.12,2006-03-07,08:25:49,0,0,1,1,0,1,0,0,0,0,again the X.org 7.2 massive update
devel/gnome-vfsmm,1.24,2006-10-14,08:52:48,1.23,2006-04-30,00:46:49,0,0,1,1,0,1,0,0,0,0,GNOME X11BASE to LOCALBASE move and freetype2 update
devel/yasm,1.7,2004-03-30,19:20:16,1.3,2003-08-26,20:25:41,0,1,1,1,0,1,0,0,0,0,gettext dependency update + sizeify thing
misc/ksig,1.24,2007-10-29,23:48:07,1.22,2007-05-19,20:16:40,0,1,0,0,0,0,0,0,0,0,
multimedia/mjpegtools,1.1,2002-05-31,18:19:48,INIT,1990-01-01,01:01:01,1,0,0,0,0,0,1,0,0,0,
net-im/centerim,1.7,2008-03-20,21:07:47,1.6,2007-12-12,12:29:22,0,1,0,0,0,0,0,0,0,0,
textproc/pecl-stem,1.1,2006-07-31,18:51:37,INIT,1990-01-01,01:01:01,1,0,0,0,0,0,0,0,0,0,
x11-fm/emelfm2,1.23,2006-05-08,19:32:01,1.22,2006-01-26,18:37:16,0,1,0,0,0,0,1,0,0,0,
devel/p5-Time-Clock,1.5,2008-04-17,14:26:20,1.3,2007-09-08,00:59:14,0,1,0,1,0,0,0,0,0,0,
finance/p5-Data-Currency,1.1,2007-12-18,23:05:30,INIT,1990-01-01,01:01:01,1,0,0,0,0,0,0,0,0,0,
misc/kde3-i18n-xh,1.1,2001-03-02,11:30:33,INIT,1990-01-01,01:01:01,1,0,0,0,0,0,0,0,0,0,
www/p5-Apache-AddHostPath,1.1,2001-01-03,23:21:23,INIT,1990-01-01,01:01:01,1,0,0,0,0,0,0,0,0,0,
devel/fastdep,1.10,2003-10-23,05:42:43,1.6,2003-01-07,04:55:34,0,1,0,1,0,1,0,0,0,0,de-pkg-comment + CPAN massive change thing (>2,000 ports affected, see http://www.FreeBSD.org/cgi/query-pr.cgi?pr=ports/122674)
devel/p5-Config-ApacheFormat,1.1,2006-07-26,19:38:21,INIT,1990-01-01,01:01:01,1,0,0,0,0,0,0,0,0,0,
devel/re2c,1.11,2004-05-16,16:19:06,1.4,2000-04-14,05:44:21,0,1,0,1,0,1,1,0,0,0,Bump PORTREVISION on all ports that depend on gettext to aid with upgrading. + pkg-comment thing + sizeify
textproc/libxdiff,1.8,2009-08-02,19:35:49,1.5,2008-04-19,17:53:57,0,1,1,1,0,1,0,1,0,0,massive patch changing all ports depending on libtool and libltdl + massive patch on build files + timeout
x11/xeyes,1.1,2007-05-19,20:27:49,INIT,1990-01-01,01:01:01,1,0,0,0,0,0,0,0,0,0,
editors/abiword,1.31,2001-11-23,15:35:57,1.30,2001-10-30,14:05:34,0,1,0,0,0,0,0,0,0,0,
graphics/kphotoalbum-kde4,1.30,2009-03-11,22:19:40,1.29,2008-09-23,05:49:01,0,0,1,0,0,1,0,1,0,0,updating dependency by massive change again (http://www.FreeBSD.org/cgi/query-pr.cgi?pr=ports/131376) + timeout
sysutils/bubblemon-dockapp,1.15,2007-05-19,20:23:03,1.14,2006-08-29,12:11:04,0,0,1,1,0,1,1,0,0,0,X.org 7.2 massive thing
devel/p5-Class-InsideOut,1.5,2006-08-07,07:55:28,1.2,2006-07-21,15:23:11,0,1,1,0,0,0,0,0,0,0,updating dependency
japanese/groff,1.49,2004-05-14,00:33:43,1.47,2004-02-16,12:37:01,0,0,0,0,0,0,0,0,0,1,merge of branch with -CURRENT
mail/p5-Net-Server-Mail,1.8,2007-07-20,12:36:39,1.6,2005-09-10,00:07:47,0,1,0,1,0,0,0,0,0,0,
misc/iselect,1.1,1998-01-03,12:04:53,INIT,1990-01-01,01:01:01,1,0,0,0,0,0,0,0,0,0,
net/liferea,1.60,2006-04-25,07:59:48,1.59,2006-04-05,07:57:54,0,1,0,0,0,0,0,0,0,0,
audio/libgpod,1.16,2007-08-04,11:40:39,1.14,2007-06-13,12:51:56,0,1,0,1,0,0,0,0,0,0,
games/alienarena,1.8,2007-02-09,16:16:42,1.6,2007-01-10,03:14:39,0,1,0,0,0,0,1,0,0,0,
mail/bogofilter-tc,1.2,2009-03-10,11:42:18,1.1,2009-01-08,15:59:04,0,0,1,0,0,0,0,0,0,0,update of dependency
multimedia/k9copy,1.2,2006-01-07,00:43:18,1.1,2005-12-26,00:05:59,0,0,0,1,0,0,0,0,0,0,make buildable on older version FreeBSD
audio/xmms-mad,1.14,2008-03-21,19:51:41,1.13,2007-07-05,23:39:00,0,0,0,1,0,0,0,0,0,0,
devel/bonobo,1.38,2001-07-03,17:34:16,1.37,2001-05-23,00:48:57,0,1,0,1,0,0,0,0,0,0,
devel/gconf,1.47,2006-05-15,22:22:57,1.45,2005-11-15,06:48:39,0,0,0,1,0,0,0,0,0,0,
print/teTeX-texmf,1.8,2005-02-08,00:02:29,1.5,2004-12-21,19:41:32,0,1,0,0,0,0,1,1,0,0,timeout
www/squid30,1.194,2007-02-07,08:42:29,1.193,2007-01-22,08:49:50,0,1,0,0,0,0,1,0,0,0,
www/xpi-pdf_download,1.1,2006-05-03,06:15:25,INIT,1990-01-01,01:01:01,1,0,0,0,0,0,0,0,0,0,
audio/vorbis-tools,1.45,2007-09-30,04:46:35,1.44,2007-07-28,12:27:17,0,0,1,0,0,1,0,0,0,0,dependencies on autoconf updated as part of massive update (http://www.FreeBSD.org/cgi/query-pr.cgi?pr=ports/116639)
devel/py-lxml,1.20,2010-08-13,12:21:44,1.19,2009-12-20,15:28:46,0,1,0,0,0,0,0,0,0,0,
lang/gcc46,1.293,2007-01-02,21:42:49,1.292,2006-12-03,11:38:17,0,1,0,0,0,0,0,0,0,0,
lang/ptoc,1.20,2004-03-01,14:31:54,1.19,2004-02-04,05:21:42,0,1,0,0,0,1,0,0,0,0,sizeify
security/openssh-portable,1.114,2006-10-17,13:27:17,1.109,2006-08-29,19:47:07,0,1,0,1,1,0,1,0,0,0,
textproc/p5-Pod-Simple,1.26,2011-04-21,08:10:48,1.25,2010-12-23,01:14:25,0,1,0,0,0,0,0,0,0,0,
www/rubygem-mechanize,1.14,2008-08-27,07:30:29,1.13,2008-08-27,02:02:43,0,1,0,0,0,0,0,0,0,0,
x11/gnome-libs,1.99,2002-04-30,23:20:30,1.97,2002-04-07,16:41:26,0,1,0,1,0,0,0,0,0,0,
x11/gtkterm2,1.6,2005-03-12,10:54:03,1.5,2004-11-07,22:37:44,0,0,1,0,0,1,0,0,0,0,glib20 updated
sysutils/geomWatch,1.5,2010-02-02,17:24:11,1.4,2010-01-31,08:32:06,0,1,0,0,0,0,0,0,0,0,
audio/easytag,1.2,2001-07-18,16:22:54,1.1,2001-05-16,18:14:57,0,1,0,0,0,0,0,0,0,0,
dns/djbdns,1.15,2003-04-10,08:17:24,1.12,2002-09-20,06:57:20,0,0,0,1,0,1,1,0,0,0,de-pkgcomment
games/gnome-games,1.108,2007-03-19,05:13:33,1.107,2007-01-28,19:14:02,0,1,0,0,0,0,0,0,0,0,
print/cups-base,1.71,2007-07-01,08:56:09,1.70,2007-06-12,14:14:35,0,0,1,0,0,0,0,0,0,0,gnutls version bump
sysutils/nut22,1.23,2003-03-07,06:11:13,1.21,2002-01-20,01:11:27,0,1,0,1,0,1,0,0,0,0,de-pkgcomment + local patch obsolete
www/cocoon,1.33,2005-11-21,15:30:36,1.32,2005-07-28,07:28:21,0,1,0,1,0,0,0,0,0,0,
audio/py-musicbrainz,1.12,2006-07-04,03:18:51,1.11,2006-04-07,07:34:02,0,1,0,0,0,0,0,0,0,0,
security/pidgin-otr,1.4,2005-06-11,05:16:11,1.3,2005-05-11,19:09:34,0,1,1,0,0,0,0,0,0,0,update dependencies
x11-drivers/xf86-input-synaptics,1.5,2009-05-21,17:50:43,1.4,2009-05-07,19:42:34,0,1,0,0,0,0,0,0,0,0,
x11/gtkchtheme,1.5,2005-11-05,05:21:53,1.4,2005-07-13,23:10:02,0,0,1,0,0,0,0,0,0,0,update for bumped dependency
audio/soundtracker,1.36,2008-06-06,13:07:05,1.35,2008-04-29,05:11:35,0,0,1,0,0,1,0,0,0,0,massive bump due to devel/gettext change
graphics/makehuman,1.1,2006-03-18,23:40:42,INIT,1990-01-01,01:01:01,1,0,0,0,0,0,1,0,0,0,
japanese/canna-lib,1.54,2002-12-02,03:30:48,1.53,2002-11-20,05:35:14,0,1,0,0,0,0,0,0,0,0,
lang/parrot,1.19,2007-10-17,10:12:45,1.18,2007-09-08,01:00:16,0,0,1,0,0,1,0,0,0,0,massive move from bison 1.x to 2.x
net-p2p/rtgui,1.1,2007-12-20,14:17:51,INIT,1990-01-01,01:01:01,1,0,0,0,0,0,0,0,0,0,
x11-fonts/xorg-fonts-cyrillic,1.5,2004-12-23,01:35:45,1.4,2004-09-02,01:57:52,0,1,0,0,0,0,0,0,0,0,
irc/ircII,1.49,2008-02-21,09:16:10,1.46,2006-11-05,07:56:28,0,1,0,1,0,0,1,1,0,0,timeout
lang/perl5.12,1.43,2002-06-02,21:22:24,1.42,2002-05-24,10:39:00,0,0,1,1,0,0,0,0,0,0,dependencies updated
math/arpack,1.24,2011-08-08,19:07:38,1.22,2011-07-16,05:33:57,0,0,0,1,0,0,1,0,0,0,
astro/xplanet,1.33,2004-11-07,22:35:49,1.30,2004-07-23,19:31:03,0,1,1,1,0,1,0,0,0,0,Bump PORTREVISIONS for all ports that depend on atk or pango to ease in the big upgrade.
deskutils/superkaramba-lwp,1.8,2006-11-13,11:53:35,1.7,2006-11-01,06:37:46,0,1,0,0,0,0,0,0,0,0,
games/xpilot,1.25,2001-07-19,13:21:52,1.24,2001-06-15,05:01:58,0,1,0,0,0,0,0,0,0,0,
graphics/digikam,1.41,2008-04-22,06:39:49,1.40,2008-03-15,13:09:20,0,0,1,0,0,0,0,0,0,0,bumped dependencies
japanese/kde4-l10n,1.40,2008-08-09,07:50:27,1.37,2007-05-19,20:11:58,0,1,1,0,0,1,0,0,0,0,massive update of PORTREVISION for ports depending on devel/gettext + massive X.org 7.2 bump
misc/kde4-l10n-km,1.10,2008-08-09,07:50:32,1.7,2007-05-19,20:16:09,0,1,0,0,0,0,0,0,0,0,
www/py-flexget,1.1,2010-03-05,04:28:22,INIT,1990-01-01,01:01:01,1,0,0,0,0,0,1,0,0,0,
devel/gnome-vfs,1.47,2002-07-01,09:29:31,1.44,2002-06-15,09:04:59,0,1,0,1,0,0,0,0,0,0,
mail/im,1.18,2010-03-09,23:00:05,1.17,2008-04-11,15:22:59,0,1,0,1,0,1,0,0,0,0,clarify email addresses based on global guidelines
net/p5-Net-Proxy,1.1,2008-01-12,16:28:14,INIT,1990-01-01,01:01:01,1,0,0,0,0,0,0,0,0,0,
x11-toolkits/fl_editor,1.11,2007-05-19,20:30:43,1.10,2006-08-15,01:13:35,0,1,0,1,0,0,1,0,0,0,
x11/xorg,1.26,2009-04-04,04:05:04,1.24,2008-07-15,12:37:09,0,1,1,0,0,1,0,0,0,0,bumping of ports depending on certain libraries
devel/rubygem-rubyforge,1.11,2009-05-28,22:04:26,1.9,2009-04-09,00:11:33,0,1,0,0,0,0,0,1,0,0,timeout
print/hp2xx,1.12,2003-02-21,13:23:09,1.10,2002-02-10,02:58:12,0,1,0,1,0,1,0,0,0,0,de-pkg-comment
security/clamav-devel,1.99,2006-09-05,13:56:23,1.98,2006-08-08,14:43:18,0,1,0,0,0,0,0,0,0,0,
graphics/ocrad,1.1,2003-11-20,21:30:39,INIT,1990-01-01,01:01:01,1,0,0,0,0,0,0,0,0,0,
graphics/qt4-imageformats,1.4,2007-02-06,12:49:15,1.1,2007-02-05,20:56:20,0,0,0,1,0,0,0,0,0,0,
databases/py-htsql,1.1,2010-12-17,16:10:43,INIT,1990-01-01,01:01:01,1,0,0,0,0,0,0,0,0,0,
devel/p5-Moose,1.25,2008-02-18,17:53:09,1.24,2008-01-27,17:24:13,0,1,0,0,0,0,0,0,0,0,
devel/p5-Regexp-Assemble,1.7,2006-03-22,05:49:09,1.6,2006-01-05,20:02:23,0,1,0,1,0,0,0,0,0,0,
math/scilab-toolbox-swt,1.10,2009-08-22,00:28:08,1.8,2009-02-21,11:31:27,0,0,1,1,0,1,0,0,0,0,massive bumps of ports depending on libjpeg + Sourceforge project release overhaul
sysutils/rcsedit,1.2,2006-06-26,22:54:37,1.1,2006-06-23,14:21:18,0,0,0,0,0,0,0,0,0,1,incorrect email address maintainer
www/tomcat41,1.53,2004-03-08,09:50:08,1.49,2003-11-13,12:54:55,0,1,0,1,0,0,0,0,0,0,
ftp/wu-ftpd+ipv6,1.55,2004-01-30,13:39:35,1.54,2003-09-25,15:53:53,0,0,0,1,0,0,0,0,0,0,
misc/upclient,1.31,2006-04-01,13:19:39,1.29,2005-12-02,02:05:38,0,0,0,1,0,1,1,0,0,0,sha256-ify
net-im/pidgin-sipe,1.28,2011-06-19,21:25:43,1.26,2010-10-21,08:23:59,0,1,1,0,0,0,0,0,0,0,update dependency
sysutils/rdiff-backup10,1.1,2008-08-15,12:23:00,INIT,1990-01-01,01:01:01,1,0,0,0,0,0,0,0,0,0,actually backed up copy of earlier version
databases/mysql51-server,1.252,2009-08-28,08:23:35,1.251,2009-08-02,19:32:48,0,1,0,1,0,0,0,0,0,0,
databases/pear-Horde_Imsp,1.1,2011-07-07,21:14:26,INIT,1990-01-01,01:01:01,1,0,0,0,0,0,0,0,0,0,
devel/cppcheck,1.21,2011-06-22,15:00:49,1.20,2011-04-13,00:52:15,0,1,0,0,0,0,0,0,0,0,
editors/vigor,1.4,2000-04-14,00:25:47,1.1,2000-01-18,02:29:17,0,1,0,1,0,0,0,0,0,0,
math/tvmet,1.2,2002-10-16,21:28:17,1.1,2002-07-25,08:12:48,0,1,0,0,0,0,0,0,0,0,
net/libnet10,1.18,2007-01-31,14:09:49,1.17,2005-11-15,06:50:28,0,0,1,0,0,1,1,0,0,0,massive patchset fixes the conflicts of the libnet ports + sha256-ify
security/gpgme,1.40,2006-12-21,13:31:54,1.39,2006-09-22,07:10:30,0,0,1,0,0,0,0,0,0,0,update dependencies
sysutils/asapm,1.26,2007-05-19,20:22:58,1.24,2005-05-31,17:37:11,0,1,1,1,0,0,1,0,0,0,massive X.org 7.2 thing
games/hlstats,1.14,2009-08-22,00:22:14,1.11,2008-06-20,22:05:52,0,1,0,1,0,1,0,0,0,0,sourceforge port patch
net-mgmt/arts++,1.26,2006-08-15,00:56:20,1.23,2005-11-15,06:50:42,0,0,0,1,0,1,0,0,0,0,massive regex substitution in makefiles + sha
print/latex,1.1,1994-09-29,08:56:48,INIT,1990-01-01,01:01:01,1,0,0,0,0,0,0,0,0,0,
security/libssh2,1.5,2005-11-18,15:29:47,1.4,2005-07-13,21:39:43,0,1,0,1,0,0,0,0,0,0,
multimedia/bmpx,1.45,2008-06-06,13:47:58,1.43,2008-04-19,17:52:26,0,1,1,0,0,1,1,0,0,0,massive devel/gettext update
net/cyphesis,1.17,2006-08-21,14:54:27,1.15,2006-05-16,04:26:07,0,1,1,0,0,0,0,0,0,0,bumping dependency
textproc/p5-Lingua-StopWords,1.4,2006-09-19,23:59:10,1.3,2006-08-20,18:45:51,0,1,0,0,0,0,0,0,0,0,
audio/p5-MP3-Tag,1.7,2006-06-14,11:29:54,1.6,2006-05-23,12:55:12,0,1,0,0,0,0,0,0,0,0,
devel/pecl-svn,1.11,2008-07-05,22:59:11,1.9,2008-06-19,00:24:05,0,1,1,0,0,0,0,0,0,0,dependency bump
mail/squirrelmail,1.64,2009-08-31,23:34:47,1.62,2009-08-22,15:37:32,0,1,0,1,0,0,0,0,0,0,
misc/p5-Geo-Weather,1.10,2003-10-24,14:15:23,1.7,2003-03-07,06:07:13,0,1,0,1,0,0,0,0,0,0,
textproc/ruby-libxml,1.24,2008-12-08,15:31:48,1.23,2008-11-30,23:08:13,0,1,0,0,0,0,0,0,0,0,
arabic/kde3-i18n,1.19,2002-08-01,21:09:42,1.15,2002-06-15,16:16:11,0,1,0,0,0,0,0,0,0,0,
audio/freeswitch-sounds,1.1,2010-06-11,22:33:44,INIT,1990-01-01,01:01:01,1,0,0,0,0,0,0,0,0,0,
devel/gnome-vfs-monikers,1.7,2010-02-05,11:35:49,1.6,2009-07-31,13:50:13,0,0,1,0,0,0,0,0,0,0,dependency bump
mail/scam-backscatter,1.1,2010-08-26,14:57:15,INIT,1990-01-01,01:01:01,1,0,0,0,0,0,1,0,0,0,
net/p5-Net-OAuth,1.3,2008-03-11,15:04:32,1.2,2007-12-12,01:27:50,0,1,0,0,0,0,0,0,0,0,
textproc/scim,1.30,2008-04-19,17:53:59,1.29,2008-03-24,13:03:45,0,0,1,1,0,1,0,0,0,0,massive circular dependency fixed
games/balazar,1.7,2006-09-20,11:20:53,1.6,2006-08-21,16:01:23,0,0,1,0,0,1,0,0,0,0,massive bumps of packages depending on sdl
textproc/intltool,1.38,2004-07-27,16:38:13,1.37,2004-07-03,17:23:00,0,1,0,0,0,0,0,0,0,0,
www/mnogosearch,1.68,2007-01-23,08:19:11,1.66,2006-05-13,04:41:14,0,1,0,0,0,0,0,0,0,0,
www/transproxy,1.1,1998-03-28,08:20:30,INIT,1990-01-01,01:01:01,1,0,0,0,0,0,1,0,0,0,
x11-themes/etoile-wildmenus,1.1,2006-11-19,21:15:48,INIT,1990-01-01,01:01:01,1,0,0,0,0,0,0,0,0,0,
databases/dbh,1.21,2010-08-21,00:28:52,1.20,2006-11-05,05:54:17,0,1,0,1,0,0,0,0,0,0,
emulators/virtualbox-ose-kmod,1.3,2009-06-15,22:24:42,1.2,2009-06-15,21:40:56,0,0,0,1,0,0,0,0,0,0,
graphics/nip2,1.21,2009-07-31,13:52:29,1.18,2008-07-15,12:21:38,0,1,1,0,0,1,0,0,0,0,dependency needed + massive update of ports building on libjpeg
graphics/sdl_gfx,1.17,2004-03-16,04:23:49,1.16,2004-03-14,06:16:42,0,0,1,0,0,1,0,0,0,0,massive update of ports depending on SDL
net/citrix_ica,1.21,2001-01-16,17:31:46,1.19,2000-10-04,06:40:01,0,1,0,1,0,1,1,0,0,0,Massive style enforcement - use ^I instead of spaces for variables identation.
sysutils/wmmemfree,1.1,2003-04-11,10:28:51,INIT,1990-01-01,01:01:01,1,0,0,0,0,0,1,0,0,0,
textproc/translate-toolkit,1.19,2010-11-20,17:21:52,1.18,2010-09-03,17:15:07,0,1,0,0,0,0,0,0,0,0,
x11-drivers/xf86-video-intel29,1.9,2008-07-31,15:11:07,1.8,2008-07-23,02:59:02,0,1,0,0,0,0,0,0,0,0,
audio/audacity-devel,1.47,2010-08-02,14:54:17,1.46,2010-06-06,20:43:30,0,0,1,1,0,0,0,0,0,0,missing dependency fixed by local copy
deskutils/gnochm,1.1,2004-12-02,07:32:33,INIT,1990-01-01,01:01:01,1,0,0,0,0,0,0,0,0,0,
graphics/pngcrush,1.12,2000-04-26,12:43:01,1.11,2000-04-15,11:35:50,0,1,0,0,0,0,0,0,0,0,
security/openvas-client,1.4,2009-07-31,13:55:43,1.3,2008-06-08,13:20:14,0,0,1,1,0,1,0,0,0,0,massive bump of ports building on libjpeg
www/p5-HTTPD-Log-Filter,1.1,2002-02-15,14:45:38,INIT,1990-01-01,01:01:01,1,0,0,0,0,0,0,0,0,0,
devel/g-wrap,1.9,2001-05-11,16:36:17,1.6,2000-11-03,20:49:22,0,1,0,0,0,0,0,0,0,0,+ maintainership now owned by group instead of individual
devel/p5-PathTools,1.16,2005-06-12,14:36:03,1.14,2005-03-17,16:22:06,0,0,1,0,0,1,0,0,0,0,massive update of ports depending on changed CPAN libraries
devel/py-simpletal,1.3,2007-07-30,09:41:21,1.1,2006-07-15,08:27:54,0,0,1,1,0,1,0,0,0,0,Python infrastructure change + new default version
net/p5-Net-ext,1.7,2004-03-18,04:01:35,1.3,2001-03-01,06:38:25,0,1,0,1,0,1,0,0,0,0,d-pkg-comment
www/evolution-webcal,1.23,2009-02-02,01:36:07,1.21,2009-01-05,19:04:37,0,1,0,1,0,1,0,0,0,0,massive change to GNOME-depending ports
x11/xlockmore,1.83,2004-04-10,17:26:52,1.79,2004-01-05,15:43:24,0,1,0,1,0,1,0,0,0,0,sizeify
devel/rubygem-rubyforge,1.13,2009-12-09,08:21:38,1.12,2009-08-05,02:56:08,0,1,0,0,0,0,0,0,0,0,
games/jfk,1.11,2005-12-14,08:54:42,1.1,2002-11-01,20:58:48,0,0,1,1,0,1,1,0,0,0,massive SDL port update + massive effort to better support amd64 + remove pkg-comment
mail/claws-mail-perl,1.22,2008-02-28,00:50:43,1.20,2007-10-02,15:49:59,0,1,1,0,0,0,0,0,0,0,dependency updated
www/p5-Catalyst-Plugin-Authentication,1.5,2006-07-11,17:54:54,1.2,2006-01-02,10:15:00,0,1,1,1,0,1,0,0,0,0,all users of p5-Catalyst bumped + massive patch to refactor part of build infrastructure (http://www.FreeBSD.org/cgi/query-pr.cgi?pr=88711)
www/p5-HTML-WikiConverter-SnipSnap,1.1,2006-06-29,00:47:46,INIT,1990-01-01,01:01:01,1,0,0,0,0,0,0,0,0,0,
x11/libgnome,1.113,2002-08-07,07:19:51,1.112,2002-07-17,09:29:33,0,1,0,0,0,0,0,0,0,0,
x11-toolkits/gal2,1.52,2004-02-04,05:10:01,1.51,2003-12-28,02:02:33,0,0,1,0,0,1,0,0,0,0,massive patch to bump ports depending on gettext
databases/mysql40-client,1.85,2003-04-04,05:21:36,1.84,2003-03-25,23:39:43,0,0,1,1,0,0,0,0,0,0,changing name of dependency
deskutils/toolboxkit,1.1,2006-12-18,17:04:07,INIT,1990-01-01,01:01:01,1,0,0,0,0,0,0,0,0,0,
devel/gconf2,1.70,2006-05-10,03:33:33,1.69,2006-05-05,11:01:31,0,0,1,0,0,0,0,0,0,0,dependency has moved
multimedia/xine,1.8,2001-01-19,22:21:09,1.6,2000-12-20,15:14:04,0,1,0,1,0,0,0,0,0,0,
security/fprint_demo,1.6,2010-02-05,11:43:45,1.5,2009-08-22,00:34:52,0,0,1,0,0,1,0,0,0,0,massive update of jpeg-8 dependent ports
sysutils/gkleds2,1.16,2010-02-05,11:44:00,1.15,2009-08-02,19:35:36,0,0,1,1,0,1,0,0,0,0,idem + massive patch clarifying names of maintainers
textproc/highlight,1.47,2009-08-07,15:52:40,1.46,2009-08-05,07:43:19,0,1,0,0,0,0,0,0,0,0,
www/epiphany,1.75,2005-04-05,09:12:37,1.74,2005-03-25,06:04:45,0,1,0,0,0,0,0,0,0,0,
www/xpi-web_developer,1.9,2010-07-12,03:10:23,1.8,2009-01-03,13:12:17,0,1,0,0,0,0,0,0,0,0,
databases/pear-DB,1.31,2007-08-23,03:59:55,1.29,2007-03-31,07:13:01,0,1,0,0,0,0,0,0,0,0,
math/octave-devel,1.100,2010-12-04,07:32:38,1.97,2010-03-28,06:39:28,0,0,1,1,0,1,0,0,0,0,massive autotools update
net/gatekeeper,1.19,2001-08-10,16:03:02,1.18,2001-07-09,10:46:26,0,1,0,0,0,0,0,0,0,0,
palm/ppmtoTbmp,1.12,2009-07-31,13:55:07,1.1,2001-06-11,11:29:05,0,0,1,1,0,1,0,0,0,0,libjpeg massive bump + library dependency dropped + sizeify + de-pkg-comment
security/p5-Digest-MD5,1.16,2001-08-22,23:06:46,1.14,2001-06-11,15:20:04,0,1,0,1,0,0,0,0,0,0,
www/squid30,1.153,2005-01-29,21:49:20,1.152,2005-01-26,17:56:25,0,1,0,0,0,0,1,0,0,0,
www/interchange,1.16,2003-12-10,12:27:31,1.10,2003-02-20,19:15:26,0,1,1,1,0,0,0,0,0,0,dependency on Perl 5.8
www/p5-Catalyst-Example-InstantCRUD,1.17,2009-08-16,09:21:53,1.15,2009-06-15,21:13:37,0,1,0,0,0,0,0,1,0,0,timeout
x11-toolkits/libgtkeditor,1.26,2008-03-25,22:44:27,1.24,2007-05-19,20:31:21,0,0,1,1,0,1,0,0,0,0,massive update of autoconf dependencies
mail/claws-mail-perl,1.23,2008-03-21,16:35:55,1.22,2008-02-28,00:50:43,0,0,0,1,0,0,0,0,0,0,
russian/ksocrat,1.1,2003-04-30,21:40:16,INIT,1990-01-01,01:01:01,1,0,0,0,0,0,0,0,0,0,
devel/ossp-ex,1.14,2005-02-08,15:32:27,1.11,2004-03-25,07:54:07,0,1,0,1,0,0,1,0,0,0,
devel/p5-PathTools,1.2,2001-03-01,06:37:35,1.1,2000-11-23,05:02:14,0,0,0,1,0,0,0,0,0,0,
print/ttfquery,1.1,2004-01-05,03:46:26,INIT,1990-01-01,01:01:01,1,0,0,0,0,0,0,0,0,0,
security/snort,1.51,2004-04-20,20:59:42,1.49,2004-02-27,08:15:50,0,1,0,1,0,0,0,0,0,0,
devel/p5-DateTime-Format-Baby,1.1,2003-07-06,12:40:46,INIT,1990-01-01,01:01:01,1,0,0,0,0,0,0,0,0,0,
japanese/ebview,1.36,2009-08-22,00:24:19,1.34,2008-08-21,06:17:28,0,1,1,1,0,1,0,0,0,0,update dependencies + massive sourceforge thing
www/firefox,1.161,2006-11-01,13:20:11,1.153,2006-05-01,22:47:05,0,1,0,1,0,1,1,0,0,0,massive Gnome 2.16.1 change to build
comms/qico,1.6,2000-11-17,15:10:03,1.5,2000-11-04,14:14:43,0,1,0,1,0,0,0,0,0,0,
lang/gambas2,1.4,2009-05-21,23:57:22,1.3,2009-05-11,00:36:47,0,1,0,1,0,0,0,0,0,0,local patches obsolete
sysutils/qpxtool,1.13,2010-03-28,06:44:02,1.12,2010-02-05,11:44:14,0,1,0,0,0,0,0,0,0,0,
x11-wm/evilwm,1.4,2000-12-25,03:02:32,1.1,2000-11-05,04:09:20,0,0,0,1,0,0,0,0,0,0,
editors/tamago,1.27,2006-05-07,10:55:37,1.24,2005-05-01,19:01:10,0,1,1,1,0,1,0,0,0,0,massive change of use of USE_REINPLACE + massive pkg_install thing for old 4.10 ports + someo ther massive things
finance/p5-Business-OnlinePayment-PaymentsGateway,1.1,2003-01-02,11:17:04,INIT,1990-01-01,01:01:01,1,0,0,0,0,0,0,0,0,0,
www/xpi-greasemonkey,1.21,2011-06-25,09:04:10,1.20,2011-03-18,14:41:42,0,1,0,0,0,0,0,0,0,0,
x11-fm/nautilus,1.99,2009-12-16,18:25:19,1.98,2009-12-06,06:41:16,0,1,0,0,0,0,0,0,0,0,
security/keychain,1.13,2004-06-03,08:13:45,1.12,2004-05-09,18:40:06,0,1,0,0,0,0,0,0,0,0,
www/bluefish,1.44,2006-04-14,23:25:09,1.42,2006-02-27,23:41:54,0,0,0,1,0,0,0,0,0,0,
x11/xterm,1.83,2011-05-05,13:03:44,1.82,2011-03-10,09:49:24,0,1,0,1,0,0,0,0,0,0,
devel/ftnchek,1.26,2003-02-20,17:06:44,1.24,2002-11-10,16:45:32,0,1,0,1,0,1,1,0,0,0,de-pkg-comment
ftp/pear-Net_FTP,1.6,2005-12-09,19:24:38,1.4,2005-04-04,17:19:41,0,1,1,0,0,1,0,0,0,0,dependency updates for all pear ports
x11-fm/rox-filer,1.52,2005-03-12,10:52:13,1.51,2005-02-19,12:37:13,0,0,1,1,0,0,0,0,0,0,dependency update
x11-toolkits/p5-Gtk2,1.33,2009-07-31,13:57:32,1.32,2009-01-13,20:31:24,0,0,1,0,0,1,0,0,0,0,massive dependency update
x11-wm/lxsession,1.8,2010-03-28,06:47:42,1.7,2010-02-05,11:46:51,0,1,0,0,0,0,0,0,0,0,
devel/ruby-gettext,1.12,2002-12-06,17:17:35,1.8,2002-10-18,19:24:59,0,1,1,1,0,0,0,0,0,0,forgotten dependency
graphics/sane-backends,1.34,2001-11-05,05:14:33,1.33,2001-07-03,13:09:55,0,1,0,0,0,0,1,0,0,0,
math/atlas-devel,1.41,2007-01-11,07:52:29,1.40,2007-01-11,05:26:20,0,0,0,1,0,0,0,0,0,0,
multimedia/p5-FFmpeg-Command,1.7,2008-04-17,14:27:25,1.5,2007-09-08,01:01:46,0,1,0,1,0,1,0,0,0,0,massive use of CPAN macro in ports
security/py-fail2ban,1.1,2009-01-13,18:22:19,INIT,1990-01-01,01:01:01,1,0,0,0,0,0,0,0,0,0,
www/squid31,1.173,2005-09-16,17:39:01,1.172,2005-09-15,20:10:58,0,1,0,1,0,0,0,0,0,0,
editors/koffice-kde3,1.123,2010-03-28,06:33:59,1.122,2010-02-05,11:36:32,0,1,0,0,0,0,0,0,0,0,
mail/qmail-ldap,1.37,2005-05-10,14:31:28,1.36,2005-05-05,20:03:09,0,0,0,1,0,0,0,0,0,0,
mail/vpopmail,1.41,2004-02-04,05:07:25,1.40,2004-01-30,18:03:31,0,0,1,0,0,1,0,0,0,0,bump all ports depending on gettext
misc/kde4-l10n-es,1.48,2007-05-19,20:16:04,1.25,2004-02-04,04:36:10,0,1,1,0,0,1,0,0,0,0,massive thing for X.org 7.2
multimedia/mplayer-skins,1.39,2006-08-07,01:18:50,1.37,2006-02-08,09:27:35,0,0,0,1,0,0,0,0,0,0,
net/p5-POE-Component-Client-Ident,1.7,2007-02-24,12:34:46,1.6,2006-12-13,00:07:56,0,1,0,0,0,0,0,0,0,0,maintainer complaining about how time-out and accidentla absence of maintainer would allow people to get patches in without expert review (other people would jump in, but they don't have enough knowledge, see http://www.FreeBSD.org/cgi/query-pr.cgi?pr=109462)
security/seahorse-plugins,1.15,2010-05-31,02:00:53,1.13,2010-03-28,06:43:30,0,0,1,0,0,1,0,0,0,0,bump because gettext updated + Gnome 2.30.1
x11-toolkits/flvw,1.13,2007-05-19,20:30:44,1.12,2006-08-15,01:13:35,0,1,0,0,0,0,0,0,0,0,X.org 7.2 updated
x11-wm/awesome,1.12,2008-09-24,14:54:19,1.11,2008-07-03,05:56:51,0,1,0,0,0,0,0,0,0,0,
graphics/skencil,1.28,2001-07-10,11:28:20,1.27,2001-06-12,11:37:22,0,1,0,0,0,0,0,0,0,0,
print/ghostscript7-korfont,1.1,2002-01-18,16:26:54,INIT,1990-01-01,01:01:01,1,0,0,0,0,0,0,0,0,0,
deskutils/p5-ZConf-Runner,1.4,2009-10-29,22:27:15,1.3,2009-10-17,21:30:40,0,1,0,0,0,0,0,0,0,0,
graphics/netpbm,1.30,2000-06-04,22:36:26,1.29,2000-05-21,08:41:16,0,1,0,0,0,0,0,0,0,0,
x11-drivers/xf86-video-tga,1.5,2009-04-04,04:05:10,1.3,2008-06-06,14:10:28,0,1,1,0,0,1,0,0,0,0,massive bump because of X.org 7.4 update
x11-themes/kde-style-comix,1.15,2010-02-05,11:46:04,1.14,2009-08-02,19:36:16,0,0,1,0,0,1,0,0,0,0,massive jpeg update
audio/gstreamer-plugins-spc,1.7,2009-01-01,13:13:07,1.4,2008-05-01,22:56:15,0,0,1,0,0,1,0,0,0,0,massive update of ports depending on devel/gettext
devel/log4cxx,1.14,2009-11-20,22:52:57,1.1,2005-01-16,13:47:07,0,0,1,1,0,1,1,1,0,0,massive update of libtool and libltdl depending ports + similar for boost + timeout
devel/ruby-gems,1.16,2007-12-25,06:48:15,1.15,2007-10-04,06:49:07,0,1,0,1,0,0,0,0,0,0,
devel/upnp,1.3,2003-02-15,11:33:52,1.1,2002-08-04,07:31:20,0,0,0,1,0,0,0,0,0,0,
multimedia/iso2mkv,1.8,2010-02-05,11:41:51,1.7,2009-08-02,08:02:01,0,0,1,0,0,1,0,0,0,0,jpeg-8 massive update
net-im/centerim-devel,1.52,2011-07-21,12:43:37,1.51,2010-12-26,22:48:19,0,0,1,0,0,0,0,0,0,0,library dependency updates
net/krdesktop,1.3,2002-07-01,15:59:25,1.2,2002-06-28,15:59:54,0,1,0,0,0,0,0,0,0,0,
www/p5-Catalyst-Plugin-Session,1.1,2005-11-20,21:32:45,INIT,1990-01-01,01:01:01,1,0,0,0,0,0,0,0,0,0,
editors/gedit,1.69,2008-04-19,17:48:13,1.67,2008-03-24,03:49:42,0,1,1,0,0,1,0,0,0,0,massive fix of circular dependencies (http://www.FreeBSD.org/cgi/query-pr.cgi?pr=116263)
graphics/pfscalibration,1.6,2009-08-22,00:23:02,1.4,2008-08-21,06:17:21,0,0,1,1,0,1,0,0,0,0,massive updates of sourceforge and libjpeg ports
java/kaffe,1.55,2001-09-11,03:40:42,1.51,2000-07-04,07:13:06,0,1,1,1,0,0,0,0,0,0,
lang/gcc46,1.219,2005-07-16,12:26:33,1.217,2005-07-05,18:06:17,0,1,0,1,0,0,0,0,0,0,
mail/exim,1.119,2003-01-04,15:53:38,1.116,2002-10-05,12:18:29,0,1,1,0,0,0,0,0,0,0,update because libpq bumped
misc/kcd,1.3,2000-04-14,08:46:03,1.1,1999-12-29,09:29:03,0,0,0,1,0,0,0,0,0,0,
misc/kde3-i18n-hr,1.14,2002-04-21,23:46:39,1.13,2002-04-12,17:09:54,0,1,0,0,0,0,0,0,0,0,
net/beanstalkd,1.8,2010-07-25,15:39:17,1.6,2009-05-18,12:28:50,0,1,1,1,0,1,0,1,0,0,massive update of libevent-depending ports + massive build change + timeout
net-p2p/rtorrent,1.1,2005-03-04,09:25:09,INIT,1990-01-01,01:01:01,1,0,0,0,0,0,1,0,0,0,
ports-mgmt/portmaster,1.4,2006-06-19,18:14:45,1.3,2006-05-29,10:11:42,0,1,0,0,0,0,0,0,0,0,
www/cplanet,1.3,2011-02-04,15:19:40,1.2,2010-07-28,17:30:57,0,1,0,0,0,0,0,0,0,0,
x11/xloadimage,1.34,2007-05-19,20:27:58,1.33,2006-04-18,11:25:28,0,1,0,1,0,0,0,0,0,0,
databases/postgresql-jdbc,1.16,2005-01-31,01:48:06,1.15,2005-01-31,00:20:25,0,0,0,1,0,0,0,0,0,0,splitting of package
graphics/gts,1.19,2005-11-30,13:06:59,1.18,2005-11-05,05:21:17,0,0,0,1,0,0,0,0,0,0,
japanese/p5-WWW-2ch,1.1,2006-05-03,16:51:39,INIT,1990-01-01,01:01:01,1,0,0,0,0,0,0,0,0,0,
multimedia/motion,1.24,2009-09-13,14:01:15,1.20,2009-07-18,11:11:13,0,1,0,1,0,1,0,0,0,0,massive sourceforge port change
security/clamav-devel,1.172,2009-12-16,15:18:55,1.171,2009-11-25,11:30:06,0,1,0,0,0,0,1,0,0,0,
www/apache-forrest,1.1,2004-05-23,19:24:21,INIT,1990-01-01,01:01:01,1,0,0,0,0,0,1,0,0,0,
games/vdrift-data,1.9,2009-08-22,00:22:36,1.7,2009-01-16,06:30:38,0,1,0,1,0,1,0,0,0,0,massive sourceforge port update + move some obsolete patches
lang/python,1.77,2001-05-02,11:25:01,1.76,2001-03-29,16:34:10,0,1,0,0,0,0,1,0,0,0,
misc/colortail,1.1,1999-04-27,12:32:21,INIT,1990-01-01,01:01:01,1,0,0,0,0,0,0,0,0,0,
net/asterisk16,1.44,2006-01-21,08:20:21,1.42,2005-12-17,07:00:19,0,1,0,1,0,0,1,0,0,0,
security/gtkpasman,1.2,2004-12-19,22:15:51,1.1,2004-12-18,13:46:44,0,0,0,1,0,0,0,0,0,0,
www/hs-hS3,1.1,2011-08-01,13:43:49,INIT,1990-01-01,01:01:01,1,0,0,0,0,0,0,0,0,0,
databases/p5-DBIx-Class-QueryProfiler,1.1,2010-01-08,14:09:35,INIT,1990-01-01,01:01:01,1,0,0,0,0,0,0,0,0,0,
devel/libsoup22,1.2,2001-06-01,20:08:36,1.1,2001-05-28,14:54:40,0,0,0,1,0,0,0,0,0,0,
japanese/font-migu,1.1,2011-07-18,08:57:02,INIT,1990-01-01,01:01:01,1,0,0,0,0,0,1,0,0,0,
security/shishi,1.32,2009-02-27,22:06:35,1.30,2008-06-06,14:01:05,0,0,1,1,0,0,0,0,0,0,dependency updated
www/dokuwiki,1.33,2008-05-10,04:48:06,1.32,2007-07-24,16:15:56,0,1,0,0,0,0,0,0,0,0,
devel/p5-Test-HexString,1.1,2010-02-16,09:53:39,INIT,1990-01-01,01:01:01,1,0,0,0,0,0,0,0,0,0,
chinese/pcmanx,1.6,2005-09-20,18:17:27,1.5,2005-09-19,12:49:41,0,1,0,0,0,0,0,0,0,0,
devel/p5-Config-IniFiles,1.29,2009-04-23,04:27:02,1.28,2009-02-19,18:10:59,0,1,0,0,0,0,0,0,0,0,
games/qudos,1.11,2007-09-14,01:16:49,1.10,2007-07-28,12:27:23,0,0,0,1,0,0,0,0,0,0,
graphics/devil,1.25,2009-04-02,00:31:25,1.24,2009-03-19,02:16:47,0,0,0,1,0,0,1,0,0,0,
java/bouncycastle,1.17,2006-12-31,10:25:50,1.16,2006-10-04,21:23:27,0,1,0,0,0,0,0,0,0,0,
sysutils/brasero,1.4,2007-05-19,20:23:02,1.3,2007-03-19,05:13:41,0,0,1,0,0,1,0,0,0,0,massive X.org 7.2 update
deskutils/plasma-applet-fancytasks,1.2,2010-02-05,11:35:31,1.1,2009-12-15,19:05:30,0,0,1,0,0,1,0,0,0,0,massive jpeg-8 update
devel/log4j,1.10,2004-11-28,13:04:55,1.9,2004-09-01,13:40:11,0,1,0,1,0,0,0,0,0,0,port renamed
editors/nedit,1.33,2003-03-07,06:00:34,1.25,2001-11-02,14:21:27,0,1,0,1,0,1,0,0,0,0,de-pkg-comment
games/atomix,1.22,2005-07-13,22:50:57,1.20,2004-11-07,22:36:23,0,0,1,1,0,1,0,0,0,0,massive glib20 update
net-im/sim-im,1.5,2003-02-21,13:15:01,1.2,2002-11-15,21:31:39,0,1,0,1,0,1,1,0,0,0,de-pkg-comment
www/gtkhtml3,1.14,2000-12-08,21:11:45,1.12,2000-10-10,17:25:14,0,1,1,0,0,0,0,0,0,0,using new version of dependency
graphics/p5-Chart-Clicker,1.2,2006-10-03,15:34:33,1.1,2006-08-23,13:42:30,0,0,0,0,0,0,0,0,0,1,change of email addresses
net-im/libnice,1.9,2009-12-06,23:24:40,1.8,2009-10-18,21:45:29,0,1,0,0,0,0,0,0,0,0,
graphics/GraphicsMagick12,1.24,2008-09-02,17:16:40,1.23,2008-08-29,20:39:40,0,1,0,1,0,0,1,0,0,0,
graphics/netpbm,1.196,2011-04-24,04:51:25,1.193,2011-04-02,12:05:34,0,1,0,1,0,0,0,0,0,0,
www/drupal6,1.57,2009-07-13,22:17:29,1.56,2009-05-16,00:56:08,0,1,0,0,0,0,0,0,0,0,
databases/pgpool-II,1.23,2009-12-13,11:08:27,1.22,2009-08-24,08:56:56,0,1,0,0,0,0,0,0,0,0,
devel/p5-VCP-Dest-svk,1.1,2004-08-23,03:08:53,INIT,1990-01-01,01:01:01,1,0,0,0,0,0,0,0,0,0,
games/fuhquake,1.20,2010-02-05,11:37:20,1.19,2009-07-18,11:10:21,0,0,1,0,0,1,0,0,0,0,massive jpeg-8 update
graphics/libart_lgpl,1.22,2003-06-16,20:52:57,1.19,2003-04-22,04:30:12,0,1,1,1,0,0,0,0,0,0,conflicts added
multimedia/gstreamer-plugins-annodex,1.2,2007-05-19,20:17:20,1.1,2006-10-14,08:35:50,0,0,1,0,0,1,0,0,0,0,massive X.org 7.2 update
devel/bglibs,1.14,2004-03-27,21:37:47,1.13,2004-03-27,14:06:56,0,1,0,0,0,0,0,0,0,0,
java/jfreechart,1.14,2008-01-01,17:11:11,1.13,2007-06-29,16:29:13,0,1,0,0,0,0,0,0,0,0,
www/web2ldap,1.42,2008-03-28,18:49:07,1.40,2008-02-17,22:07:28,0,1,1,0,0,0,0,0,0,0,dependency updated
comms/efax-gtk,1.6,2004-10-12,01:17:31,1.5,2004-09-02,13:11:21,0,1,0,0,0,0,0,0,0,0,
deskutils/libgcal,1.7,2011-03-14,07:01:37,1.4,2010-04-03,10:44:05,0,1,0,1,0,0,0,1,0,0,timeout
emulators/aqemu,1.11,2010-03-28,06:34:12,1.10,2010-02-05,11:36:45,0,1,0,0,0,0,0,0,0,0,
sysutils/gpart,1.4,2000-04-22,10:12:24,1.3,2000-04-09,19:07:42,0,0,0,0,0,0,0,0,0,1,whitespace issue
www/rubygem-rack,1.14,2010-08-16,05:24:31,1.13,2010-05-26,19:51:33,0,1,0,0,0,0,0,0,0,0,
x11-fonts/mkfontdir,1.5,2010-05-01,11:41:01,1.4,2009-01-23,16:28:03,0,1,0,0,0,0,0,0,0,0,
deskutils/klipoquery,1.6,2008-06-06,13:18:22,1.5,2007-05-19,20:01:42,0,0,1,0,0,1,0,0,0,0,massive bump due to devel/gettext update
games/ftjava,1.2,2006-05-16,20:50:55,1.1,2006-02-14,14:09:59,0,0,0,1,0,0,0,0,0,0,
math/solitaire,1.1,2001-06-24,23:45:35,INIT,1990-01-01,01:01:01,1,0,0,0,0,0,0,0,0,0,
sysutils/rsyslog5-dbi,1.1,2009-01-27,19:46:33,INIT,1990-01-01,01:01:01,1,0,0,0,0,0,0,0,0,0,
databases/rrdtool,1.1,1999-08-22,08:41:12,INIT,1990-01-01,01:01:01,1,0,0,0,0,0,0,0,0,0,
emulators/yabause,1.8,2007-05-19,20:04:51,1.7,2007-01-16,21:57:13,0,0,1,0,0,1,0,0,0,0,massive X.org 7.2 update
mail/p5-Mail-Box,1.17,2006-09-27,15:01:45,1.16,2006-09-22,10:30:47,0,1,0,0,0,0,0,0,0,0,
net/dhcpdump,1.2,2001-04-14,11:14:44,1.1,2001-03-14,02:17:49,0,1,0,0,0,0,0,0,0,0,
astro/prune,1.4,2009-09-16,14:29:28,1.3,2009-08-03,23:32:21,0,0,1,1,0,0,0,0,0,0,drop some conflicting libraries
benchmarks/polygraph,1.18,2005-01-18,21:37:19,1.15,2004-07-13,20:21:35,0,1,0,0,0,0,1,0,0,0,
sysutils/sec,1.8,2005-02-21,07:47:35,1.7,2004-07-08,11:39:29,0,1,0,0,0,0,0,0,0,0,
devel/p5-Filter,1.25,2009-02-28,19:21:16,1.24,2009-01-29,17:40:16,0,1,0,0,0,0,0,0,0,0,
devel/pear-Structures_DataGrid,1.5,2007-09-27,20:31:58,1.4,2005-12-09,19:24:34,0,1,0,0,0,0,0,0,0,0,
lang/gambas,1.15,2004-08-18,22:34:32,1.14,2004-08-15,20:06:48,0,1,0,0,0,0,0,0,0,0,
misc/achievo,1.8,2002-12-28,00:41:17,1.6,2002-09-19,02:39:32,0,1,0,1,0,0,0,0,0,0,
shells/scponly,1.23,2006-05-09,20:54:19,1.21,2005-12-29,05:17:54,0,1,1,1,0,0,0,0,0,0,dependency fixed
astro/p5-Astro-SIMBAD-Client,1.2,2010-01-29,14:52:19,1.1,2009-04-11,22:34:53,0,0,1,0,0,1,0,0,0,0,massive dependency update (Perl)
devel/p5-MooseX-NonMoose,1.10,2011-05-05,06:29:45,1.9,2011-03-25,11:38:52,0,1,0,0,0,0,0,0,0,0,
japanese/cannadic,1.7,2002-02-28,08:44:54,1.6,2002-02-19,13:09:55,0,1,0,0,0,0,0,0,0,0,
misc/tvbrowser,1.6,2007-01-13,18:07:43,1.5,2006-09-12,07:21:06,0,1,0,1,0,0,0,0,0,0,
net/nocatsplash,1.6,2005-12-12,21:53:39,1.1,2004-01-03,06:28:36,0,0,1,1,0,1,0,0,0,0,massive update of ports + sizeify + gettext massive update
graphics/gdtclft,1.19,2009-07-31,13:52:10,1.18,2008-04-09,13:42:06,0,0,1,0,0,1,0,0,0,0,libjpeg massive update
graphics/qt4-iconengines,1.5,2007-04-19,17:08:02,1.3,2007-02-06,12:49:15,0,1,0,1,0,1,0,0,0,0,massive qt4 renaming
net-mgmt/docsis,1.18,2010-05-22,09:54:43,1.14,2008-03-27,10:58:26,0,0,0,1,0,1,0,1,0,0,massive sourceforge update + timeout
