binary_package,date,source_package,source_version,new,upstream,dep,packaging,security,product_wide,local_patch,nmu,translation,other,comments
libroot-unuran5.18,2008-10-19,root-system,5.18.00-2ubuntu1,0,0,0,0,0,0,1,0,0,0,
zabbix-server-pgsql,2010-06-15,zabbix,1:1.8.2-1ubuntu1,0,1,0,0,0,0,0,0,1,0,from Debian
apparmor-profiles,2011-09-02,apparmor,2.7.0~beta1+bzr1774-1ubuntu1,0,0,0,0,0,0,1,0,0,0,Debian #835838 #826914
irssi-dev,2008-02-13,irssi,0.8.12-3ubuntu3,0,0,0,0,0,0,1,0,0,0,#565182
lighttpd,2009-02-16,lighttpd,1.4.19-5ubuntu6,0,0,0,1,0,0,0,0,0,0,#329595
prefixsuffix,2011-09-01,prefixsuffix,0.5.0+cvs.2005.06.18-0ubuntu11,0,0,1,1,0,0,0,0,0,0,bump dependencies
anjuta-common,2011-03-24,anjuta,2:2.32.1.1-0ubuntu4,0,0,1,0,0,0,0,0,0,0,dependency bump
gnome-bluetooth,2010-09-13,gnome-bluetooth,2.31.90-0ubuntu1,0,1,1,0,0,0,1,0,0,0,real upstream + dependency bumped + patch modified
kdeplasma-addons,2011-01-26,kdeplasma-addons,4:4.6.0-0ubuntu1,0,1,0,1,0,0,0,0,0,0,real upstream + refresh build
kommander,2010-04-14,kdewebdev,4:4.4.2-0ubuntu2,0,0,0,0,0,0,0,0,0,1,just text #203882 Changed package description
kuiviewer,2007-10-12,kdesdk,4:3.5.8-0ubuntu1,0,1,0,0,0,0,0,0,0,0,real upstream
libbtctl,2005-12-21,libbtctl,0.6.0-0ubuntu1,0,1,0,0,0,0,0,0,0,0,real
packagekit-gnome,2010-11-11,packagekit-gnome,2.32.0-0ubuntu1,0,1,1,0,0,0,1,0,0,0,real + drop patch
libplayertcp2-dev,2009-03-18,player,2.0.4-3.3ubuntu3,0,0,1,1,0,1,0,0,0,0,#344487
plasmoid-weatherforecast,2009-02-08,plasmoid-weatherforecast,1.2-0ubuntu1,0,1,0,0,0,0,0,0,0,0,real https://bugs.launchpad.net/ubuntu/+source/plasmoid-weatherforecast/+bug/326748
rapache,2008-08-12,rapache,0.6-0ubuntu4,0,1,0,1,0,0,0,0,0,0,real upstream patch imported #256955
kbibtex,2009-05-12,kbibtex,0.2.1-1ubuntu1,0,0,0,1,0,0,0,0,0,0,missing files
kde-i18n-pl,2006-07-04,kde-i18n-pl,4:3.5.3-0ubuntu1,0,1,0,0,0,0,0,0,0,0,real
libphp-phplayersmenu,2007-04-13,libphp-phplayersmenu,3.2.0ubuntu1,0,0,1,0,0,0,0,0,0,0,
libqt4-xmlpatterns-dbg,2010-10-03,qt4-x11,4:4.7.0-0ubuntu4,0,0,1,0,0,0,0,0,0,0,#652029
sensors-applet,2007-10-13,sensors-applet,1.7.12+dfsg-1ubuntu1,0,0,0,1,0,0,1,0,0,0,local patch applied + maintainer angry about subpar version shipped with Ubuntu (old, missing icons <--> incompatible license) https://bugs.launchpad.net/ubuntu/+source/sensors-applet/+bug/147188
soundkonverter,2009-10-07,soundkonverter,0.3.10-1ubuntu1,0,0,1,0,0,0,0,0,0,0,go back from automake 1.11 to 1.10 to fix build https://lists.ubuntu.com/archives/karmic-changes/2009-October/010487.html
lvm-common,2007-05-22,lvm-common,1.5.20ubuntu14,0,0,0,1,0,0,0,0,0,0,
openoffice.org-thesaurus-cs,2011-09-06,openoffice.org,1:3.3.0-7ubuntu3,0,0,1,0,0,0,0,0,0,0,remove dependencies
rsyslog-mysql,2009-10-15,rsyslog,4.2.0-2ubuntu5,0,0,0,1,0,0,0,0,0,0,#430220
webkitkde,2010-01-18,webkitkde,0.9~svn1073627-0ubuntu1,0,1,1,0,0,0,0,0,0,0,fix dependency https://launchpad.net/ubuntu/+source/webkitkde/0.9~svn1073627-0ubuntu1
kftpgrabber,2011-01-16,kftpgrabber,0.8.99~svn1044538-3ubuntu1,0,0,0,1,0,0,0,0,0,0,
libexpat1-dev,2007-09-24,expat,1.95.8-4ubuntu1,0,0,0,1,0,0,0,0,0,0,
nufw,2008-10-14,nufw,2.2.15-3ubuntu2,0,0,0,1,0,0,0,0,0,0,#281561 the bug is another package, but affects this one
procps,2010-12-21,procps,1:3.2.8-10ubuntu1,0,1,0,1,0,0,0,0,0,0,Debian #690632 Bug is request to merge. It is not clear to me if the patches described were in debian or ubuntu. assume ubuntu
sane-utils,2007-10-05,sane-backends,1.0.19~cvs20070505-3ubuntu2,0,0,0,0,0,0,0,0,0,1, Split documentation into its own package
fireflier-client-kde,2007-11-12,fireflier,1.1.7ubuntu2,0,1,0,0,0,0,0,0,0,0, sync with Debian <--> Just a bump in version due to bad versioning
gcc-defaults,2011-04-28,gcc-defaults,1.102ubuntu1,0,0,1,1,0,0,0,0,0,0,add dependency
libapt-pkg-perl,2005-12-20,libapt-pkg-perl,0.1.13ubuntu3,0,0,1,0,0,0,0,0,0,0,dependencies bumped
libpisock-dev,2007-09-07,pilot-link,0.12.2-9ubuntu3,0,0,1,0,0,0,0,0,0,0,#137901 outdated dependency
python-uno,2009-10-22,openoffice.org,1:3.1.1-5ubuntu1,0,1,1,1,0,0,1,0,0,0,Debian change name of dependency
qcake,2009-11-24,qcake,0.7.2-1ubuntu2,0,0,1,0,0,0,0,0,0,0,dependency bump
abiword,2006-05-06,abiword,2.4.4-0ubuntu2,0,0,1,0,0,0,0,0,0,0,remove dep
adtool,2008-02-15,adtool,1.3-1ubuntu1,0,1,1,1,0,0,0,0,0,0,Debian drop spurious dep
branding-ubunt,2009-06-30,branding-ubuntu,0.4-0ubuntu1,0,0,0,1,0,0,0,0,0,1,Licensing
pulseaudio-esound-compat-dbg,2010-03-26,pulseaudio,1:0.9.22~0.9.21+stable-queue-32-g8478-0ubuntu14,0,0,0,0,0,0,1,0,0,0,#451635 looks like it is maintained at Canonical
tracker,2008-03-14,tracker,0.6.6-0ubuntu2,0,0,0,0,0,0,1,0,0,0,
kde-l10n-csb,2010-04-15,kde-l10n-csb,4:4.4.2-0ubuntu6,0,0,0,1,0,0,1,0,0,0,#563755 bug fixed upstream
konversation,2006-11-13,konversation,1.0.1-1ubuntu1,0,1,0,0,0,0,1,0,0,0,Debian + Could not find patches, but I suspect they are type G
nautilus-sendto,2011-09-08,nautilus-sendto,3.0.0-1ubuntu6,0,0,1,0,0,0,0,0,0,0,dependency bump
libapache2-mod-perl2-doc,2008-06-05,libapache2-mod-perl2,2.0.4-1ubuntu1,0,1,0,1,0,0,0,0,0,1,Debian control file update
libwnck,2007-08-14,libwnck,2.19.90-0ubuntu1,0,1,1,0,0,0,0,0,0,0,real upstream update dependency
aspell-en,2011-04-30,aspell-en,6.0-0-6ubuntu2,0,0,0,0,0,0,1,0,0,0, Funny: adding the version's name to the dictionary
kde-i18n-it,2005-12-21,kde-i18n-it,4:3.5.0-0ubuntu2,0,0,1,0,0,0,0,0,0,0,use older dep
libaio-dev,2007-08-16,libaio,0.3.106-5ubuntu2,0,0,0,1,0,0,0,0,0,0,
python-ubuntuone-client,2011-08-25,ubuntuone-client,1.7.2-0ubuntu1,0,1,0,0,0,0,0,0,0,0,real upstream
ubuntuone-client,2009-09-17,ubuntuone-client,0.95.1-0ubuntu1,0,1,0,0,0,0,0,0,0,0,real upstream
yelp,2009-08-07,yelp,2.27.3-0ubuntu2,0,0,1,0,0,1,0,0,0,0,FF3.5 and xulrunner 1.9.1 become default => transition => need to bump up version of dependency
apache2-src,2008-09-19,apache2,2.2.9-7ubuntu3,0,0,0,0,0,0,1,0,0,0,drop patch
libapache2-mod-dnssd,2009-02-13,mod-dnssd,0.6-0ubuntu1,0,1,0,0,0,0,0,0,0,0,real upstream
openoffice.org-hyphenation-en-us,2008-04-08,hyphen,2.3.1-2ubuntu1,0,1,0,0,0,0,0,0,0,0,Debian
intltool,2007-08-13,intltool,0.36.1-0ubuntu1,0,1,0,0,0,0,0,0,0,0,real upstream
kde-i18n-da,2009-03-15,kde-i18n-da,4:3.5.9-0ubuntu3,0,0,0,1,0,0,0,0,0,0,missing argument to some build command https://lists.ubuntu.com/archives/jaunty-changes/2009-March/007377.html
mutt-dbg,2010-02-23,mutt,1.5.20-7ubuntu1,0,1,0,1,0,0,1,0,0,0,Debian
aria,2006-09-14,aria,1.0.0-14ubuntu1,0,0,0,1,0,0,0,0,0,0,
orage,2008-02-23,orage,4.5.12.2-2ubuntu2,0,1,1,1,0,0,0,0,0,0,Debian bump dependency version
python-cups,2006-11-23,python-cups,1.9.15-0ubuntu1,0,1,0,0,0,0,0,0,0,0,real
python-medusa,2008-04-08,python-medusa,0.5.4+clean-1ubuntu1,0,0,1,0,0,0,0,0,0,0,fix dependencies
vim-tiny,2010-04-16,vim,2:7.2.330-1ubuntu3,0,0,0,1,0,0,0,0,0,0,
gnome-media,2006-02-03,gnome-media,2.13.91-0ubuntu1,0,1,1,1,0,0,0,0,0,0,real update dependency
klettres-data,2011-09-08,klettres,4:4.7.1-0ubuntu1,0,1,0,0,0,0,0,0,0,0,real
python-adns,2005-12-20,python-adns,1.0.0-6ubuntu3,0,0,0,1,0,0,0,0,0,0,stop building old Python packages
xserver-xorg-input-synaptics,2010-03-31,xserver-xorg-input-synaptics,1.2.2-1ubuntu1,0,1,0,1,0,0,0,0,0,0,Debian
compiz,2011-07-04,compiz,1:0.9.4+bzr20110606-0ubuntu5,0,0,1,1,0,0,1,0,0,0,add dependency
devscripts,2009-04-13,devscripts,2.10.39ubuntu7,0,0,1,0,0,0,0,0,0,0,drop dependency
qnapi-gnome,2009-10-07,qnapi,0.1.5-4ubuntu1,0,0,0,0,0,0,0,0,1,0,
transmission-gtk,2010-04-13,transmission,1.92-0ubuntu2,0,0,0,0,0,0,1,0,0,0,#538580
marble,2011-07-28,marble,4:4.7.0-0ubuntu1,0,1,0,0,0,0,0,0,0,0, real
plasma-widget-nextwallpaper,2010-05-19,plasma-widget-nextwallpaper,0.2.1-0ubuntu3,0,0,1,1,0,1,0,0,0,1,add dependency+bump some others + Transition from debian-qt-kde.mk to the KDE debhelper sequence Change in name to make it more descriptive
debian-reference-it,2008-09-01,debian-reference,2.10ubuntu1,0,1,0,1,0,0,0,0,0,0,Debian
gnome-session-canberra,2010-07-13,libcanberra,0.25-0ubuntu1,0,1,0,0,0,0,0,0,0,0,real
jedit,2008-04-18,jedit,4.3~pre13.dfsg-0ubuntu2,0,1,0,0,0,0,1,0,0,0,real + cherry picking! Debian is too buggy :)
gnash-tools,2010-03-09,gnash,0.8.7-0ubuntu1,0,1,1,1,0,0,0,0,0,0,real upstream https://launchpad.net/ubuntu/+source/gnash/0.8.7-0ubuntu1 + follows Ubuntu release schedule https://bugs.launchpad.net/ubuntu/+source/gnash/+bug/522254 + dependency added + KDE4 version was missing after removing kde3 binaries https://bugs.launchpad.net/ubuntu/+source/gnash/+bug/318849 and https://bugs.launchpad.net/ubuntu/+source/gnash/+bug/322141
gnome-mag,2009-03-15,gnome-mag,1:0.15.5-0ubuntu1,0,1,0,0,0,0,0,0,0,0,https://launchpad.net/ubuntu/+source/gnome-mag/1:0.15.5-0ubuntu1 real upstream
redboot-imx,2009-08-01,redboot-imx,200918-0ubuntu1,0,1,0,1,0,0,1,0,0,0,real
apt-xapian-index,2008-07-16,apt-xapian-index,0.11ubuntu1,0,1,0,0,0,0,0,0,0,0,Debian
ec2-init,2009-03-31,ec2-init,0.3.3ubuntu8,0,0,0,0,0,0,1,0,0,0,
kdewebdev-kde4,2008-06-24,kdewebdev-kde4,4:4.0.83-0ubuntu2,0,0,1,0,0,0,0,0,0,0,add dependencies
kerneloops-daemon,2009-09-24,kerneloops,0.12+git20090217-1ubuntu4,0,0,0,1,0,0,0,0,0,0,
libcwidget3,2011-06-17,cwidget,0.5.16-3.1ubuntu1,0,1,1,0,0,0,0,0,0,0,Debian dropping some dependencies
libkdepim4,2010-04-17,kdepim,4:4.4.2-0ubuntu5,0,0,0,0,0,0,1,0,0,0,dropping patch
libxine1-all-plugins,2010-09-24,xine-lib,1.1.18.1-4ubuntu4,0,0,1,0,0,0,0,0,0,0,dependency bumped
thin-client-manager-backend,2010-08-31,thin-client-manager,0.5.1-0ubuntu8,0,0,1,0,0,0,1,0,0,0,adding and updating dependencies + fixing bug using local patch https://bugs.launchpad.net/ubuntu/+source/thin-client-manager/+bug/373100 + new version published as SRU <--> "No, it's still not fixed. I don't have the time/motivation to go through the Ubuntu bureaucracy at the moment, sorry."
kaffeine-dbg,2010-11-18,kaffeine,1.1-0ubuntu2,0,0,0,1,0,0,0,0,0,0,
kdesdk-misc,2011-04-06,kdesdk,4:4.6.2-0ubuntu1,0,1,0,0,0,0,0,0,0,0,real
openct,2006-11-11,openct,0.6.9-1ubuntu1,0,1,0,1,0,0,1,0,0,0,Debian
gmp,2011-03-04,gmp,2:4.3.2+dfsg-1ubuntu2,0,0,0,1,0,0,0,0,0,0,
lastfmsubmitd,2010-01-20,lastfmsubmitd,1.0.5-1.1ubuntu1,0,0,0,1,0,0,0,0,0,0,https://bugs.launchpad.net/ubuntu/+source/lastfmsubmitd/+bug/386240
libcr-dbg,2010-12-15,blcr,0.8.2-15ubuntu1,0,0,0,0,0,0,1,0,0,0,
libsigcx,2005-12-21,libsigcx,0.6.5-1ubuntu1,0,1,0,0,0,0,0,0,0,0,Debian automatically incorporates the libstdc++ project-wide thing from Debian
peace-gdm-theme,2007-10-23,peace-look,0.2-0ubuntu2,0,0,0,0,0,0,0,0,0,1, new maintainer
libexif-gtk5,2011-04-01,libexif-gtk,0.3.5-4ubuntu1,0,0,0,1,0,0,0,0,0,0,
rootskel,2006-08-29,rootskel,1.33ubuntu1,0,1,0,0,0,0,0,0,0,0,real
audex,2009-06-10,audex,0.71b3-0ubuntu1,0,1,0,0,0,0,0,0,0,0,real
python-central,2009-12-04,python-central,0.6.11ubuntu10,0,0,0,0,0,1,1,0,0,0,whitespace/import policies Ubuntu
sudo-ldap,2008-09-01,sudo,1.6.9p17-1ubuntu2,0,0,0,0,0,0,1,0,0,0, They cherry-picked a patch
apt-watch,2007-06-19,apt-watch,0.3.2-8ubuntu4,0,0,1,0,0,0,0,0,0,0,bump deps https://launchpad.net/ubuntu/+source/apt-watch/0.3.2-8ubuntu4
felix,2006-10-05,felix,1.1.1-2ubuntu1,0,0,1,0,0,0,0,0,0,0,bump dependencies
gnome-keyring,2010-12-07,gnome-keyring,2.92.92.is.2.32.1-0ubuntu2,0,0,0,1,0,0,1,0,0,0,
transmission,2009-06-03,transmission,1.61-2ubuntu1,0,1,1,1,0,0,1,0,0,0,Debian missing dependencies added
xulrunner-1.9,2008-07-18,xulrunner-1.9,1.9.0.1+build1+nobinonly-0ubuntu1,0,1,1,1,1,0,1,0,0,0,real (+ some patches from Debian as well) + restrict FF dependency to safe version before upgrade Interestingly, they removed from patches from upstream (+ also some picked up ones):largest changelog delta
debian-installer,2011-05-13,debian-installer,20101020ubuntu30,0,0,1,0,0,0,1,0,0,0,move to newer kernel versions
libotp0-heimdal,2008-06-20,heimdal,1.1-3ubuntu1,0,1,1,0,0,0,0,0,0,0,Debian+dependencies added
condor,2011-09-03,condor,7.2.4-0ubuntu5,0,0,1,1,0,1,0,0,0,0,depend on version-agnostic package name of dependency + change other dependency
gst-plugins-bad0.10,2006-05-03,gst-plugins-bad0.10,0.10.1+cvs20060428-0ubuntu2,0,0,0,0,0,0,1,0,0,0,
kdeedu-kde4,2007-12-17,kdeedu-kde4,4:3.97.0-0ubuntu4,0,0,1,0,0,0,0,0,0,0,fixing build https://lists.ubuntu.com/archives/hardy-changes/2007-December/003404.html
kdocker,2007-08-24,kdocker,1.3-0ubuntu2,0,0,0,0,0,0,0,0,0,1, another maintainer updating of the control file
lapack,2008-01-21,lapack,3.0.20000531a-1.1ubuntu1,0,0,1,0,0,0,0,0,0,1, Maintainer update in control file
openprinting-ppds,2011-09-01,foomatic-db,20110831-0ubuntu1,0,1,0,0,0,0,0,0,0,0,real
python-egenix-mx-base-dbg,2007-10-08,egenix-mx-base,3.0.0-2ubuntu1,0,0,1,0,0,0,0,0,0,0,"Always use the unversioned interpreter names" + 147138
xserver-xorg-input-mouse,2011-02-01,xserver-xorg-input-mouse,1:1.6.0-1ubuntu2,0,1,0,0,0,0,0,0,0,0,real
network-manager-vpnc-gnome,2011-03-23,network-manager-vpnc,0.8.1+git.20110207t151002.6a2b2d6-0ubuntu2,0,1,0,0,0,0,0,0,0,0,getting Debian patch https://launchpad.net/ubuntu/+source/network-manager-vpnc/0.8.1+git.20110207t151002.6a2b2d6-0ubuntu2
tracker,2007-09-18,tracker,0.6.2-2ubuntu1,0,1,1,1,0,0,0,0,0,0,Debian + drop some dependency + updated some other dependencies + 138399 Bug is fixed by upstream
bickley-daemons,2011-08-17,bickley,0.4.4-2ubuntu1,0,0,1,0,0,0,0,0,0,0,dependency name change
cdebconf-gtk-udeb,2008-08-21,cdebconf,0.131ubuntu1,0,0,0,0,0,0,1,0,0,0,
flightgear,2011-08-18,flightgear,2.0.0-4ubuntu1,0,0,0,1,0,0,0,0,0,0,
python-omniorb2,2007-03-15,python-omniorb2,2.6-3.3ubuntu1,0,1,1,0,0,0,0,0,0,0,upstream from Debian + change deps to match those of Ubuntu https://launchpad.net/ubuntu/+source/python-omniorb2/2.6-3.3ubuntu1
vdr,2008-02-15,vdr,1.5.13-0ubuntu4,0,0,0,1,0,0,0,0,0,0,https://lists.ubuntu.com/archives/hardy-changes/2008-February/007173.html
cobbler,2011-06-29,cobbler,2.1.0+git20110602-0ubuntu12,0,0,0,0,0,0,1,0,1,0,getting some local patches back
libboost-regex1.37-dev,2009-03-19,boost1.37,1.37.0-3ubuntu3,0,1,0,1,0,0,0,0,0,0,Debian port patch back
openoffice.org2-l10n,2005-12-21,openoffice.org2-l10n,1.9.129-0.1ubuntu3,0,1,0,0,0,0,0,0,0,0,real
python3-defaults,2010-07-20,python3-defaults,3.1.3-3ubuntu2,0,1,0,0,0,0,0,0,0,0,Debian
xorg-server,2010-02-06,xorg-server,2:1.7.3.902-1ubuntu12,0,0,0,1,0,0,0,0,0,0,
libgee,2010-11-10,libgee,0.6.0-1ubuntu2,0,0,0,1,0,0,0,0,0,0,
xfce-mcs-manager,2005-12-21,xfce-mcs-manager,4.2.2-1ubuntu4,0,0,1,0,0,0,0,0,0,0,loosen requirements on library dependency http://web.archiveorange.com/archive/v/JzzCMWMd4PvuByQbCWpg
compiz,2008-05-28,compiz,1:0.7.4-0ubuntu7,0,0,0,0,0,0,1,0,0,0,add patch + drop one
dpkg,2006-10-03,dpkg,1.13.22ubuntu7,0,0,0,0,0,0,1,0,0,0,
naim,2009-02-11,naim,0.11.8.3.1-0ubuntu1,0,1,0,1,0,0,1,0,0,0,real + https://bugs.launchpad.net/ubuntu/+source/naim/+bug/109289 ("I'm sorry, but I need to rant for a second. In the time that the ubuntu staff/higher up bug killers have spent trying to follow 'protocol' this bug could have LONG since been fixed and pushed out.")
sndfile-programs,2009-08-03,libsndfile,1.0.20-1ubuntu1,0,0,0,1,0,0,0,0,0,0,
lib32gmp3,2011-03-11,gmp,2:4.3.2+dfsg-1ubuntu3,0,0,0,1,0,0,0,0,0,0,
libossp-uuid15,2008-02-21,ossp-uuid,1.5.1-1.1ubuntu1,0,0,0,1,0,0,0,0,0,1, maintainer updated
libpt-1.10.10-plugins-v4l,2008-10-10,pwlib,1.10.10-2ubuntu3,0,1,1,0,0,1,0,0,0,0, https://bugs.launchpad.net/ubuntu/+source/libv4l/+bug/260918 affects many packages at once (user-space webcam stream using apps) Patch originally from Fedora
openjdk-6,2010-03-31,openjdk-6,6b18~pre4-0ubuntu1,0,1,0,0,1,0,1,0,0,0,real
python-pullparser,2006-03-07,python-pullparser,0.0.7-1ubuntu1,0,0,1,0,0,0,0,0,0,0,dropping dependency
envyng-core,2009-03-13,envyng-core,2.0.1ubuntu1,0,0,0,1,0,0,1,0,0,0,
koffice-l10n,2006-04-20,koffice-l10n,1.5.0-0ubuntu2,0,0,0,0,0,0,0,0,0,1,Ubuntu upload https://launchpad.net/ubuntu/+source/koffice-l10n/1.5.0-0ubuntu2
qutim,2008-07-01,qutim,0.1-0ubuntu1,1,0,1,0,0,0,0,0,0,1,change dependency J is a "." at the end of the package description :)
empathy,2011-03-16,empathy,2.33.4-0ubuntu1,0,1,1,0,0,0,0,0,0,0,real + bump dependencies
librsvg2-ruby,2007-06-12,ruby-gnome2,0.16.0-3ubuntu1,0,0,1,1,0,0,1,0,0,0,Debian + #427992 bug really says it is functionality related, but it is also "Build" related
mythbuntu-lirc-generator,2007-08-17,mythbuntu-lirc-generator,0.12-0ubuntu1,0,0,0,1,0,0,0,0,0,0,
partman-basicfilesystems,2006-11-21,partman-basicfilesystems,49ubuntu1,0,1,0,0,0,0,1,0,0,0,Debian adding patches
quassel,2010-03-11,quassel,0.6~rc1+git100311-0ubuntu1,0,1,0,0,0,0,0,0,0,0,real
aqualung,2010-07-29,aqualung,0.9~beta11-1ubuntu4,0,1,0,0,0,0,1,0,0,0, but patch comes from real upstream... cherry picked
cuetools,2008-09-22,cuetools,1.3.1-4ubuntu1,0,1,1,0,0,0,0,0,0,0,Debian adding dependency
libboost-mpi1.40-dev,2010-06-25,boost1.40,1.40.0-6ubuntu1,0,1,0,0,0,0,1,0,0,0,upstream from Debian + keep some local patches <--> re-enable MPI just like Debian, no need to differ https://launchpad.net/ubuntu/+source/boost1.40/1.40.0-6ubuntu1
libdesktop-agnostic-bin,2011-09-04,libdesktop-agnostic,0.3.92-0ubuntu4,0,0,1,1,0,0,0,0,0,0,add dependency
libgtk2.0-0-dbg,2008-04-18,gtk+2.0,2.12.9-3ubuntu2,0,0,0,1,0,0,0,0,0,0,
libkcmutils4,2011-04-19,kde4libs,4:4.6.2-0ubuntu4,0,0,0,0,0,0,1,0,0,0,
libvips-doc,2008-02-28,vips,7.12.5-3ubuntu2,0,0,1,0,0,0,0,0,0,0,dependency bump
mdadm,2006-01-05,mdadm,1.12.0-1ubuntu2,0,0,0,1,0,0,0,0,0,0,
policykit-1-doc,2011-04-19,policykit-1,0.101-1ubuntu1,0,1,0,0,1,0,0,0,0,0, cherry picked from upstream
wine-gecko,2011-03-30,wine1.2,1.2.2-0ubuntu4,0,0,1,0,0,0,0,0,0,0,adding missing dependencies
fast-user-switch-applet,2008-09-23,fast-user-switch-applet,2.24.0-0ubuntu1,0,1,0,1,0,0,0,0,0,0,real
kscreensaver-xsavers-extra,2009-04-02,kdeartwork,4:4.2.2-0ubuntu1,0,1,0,0,0,0,0,0,0,0,real
bash-doc,2008-05-12,bash,3.2-4ubuntu1,0,1,0,1,0,0,0,0,0,0,Debian
libgv-ruby,2009-03-30,graphviz,2.20.2-3ubuntu2,0,0,1,1,0,0,0,0,0,0,dropping and adding dependencies
thunar-archive-plugin,2006-11-10,thunar-archive-plugin,0.2.2-0ubuntu1,0,1,0,0,0,0,0,0,0,0,real
apt-listchanges,2011-05-23,apt-listchanges,2.85.7ubuntu1,0,1,0,0,0,1,0,0,0,0,Debian
inkscape,2007-06-25,inkscape,0.45.1-1ubuntu3,0,0,1,0,0,0,0,0,0,0,rebuild against glib
libaddresses-dev,2010-12-19,addresses-for-gnustep,0.4.7-1ubuntu1,0,0,0,1,0,0,0,0,0,0,
prelink,2007-03-10,prelink,0.0.20061027-1ubuntu1,0,0,0,0,0,0,1,0,0,0,
apcalc-dev,2007-10-23,apcalc,2.12.1.13-3ubuntu1,0,1,0,0,0,0,1,0,0,1, Debian + modify maintainer
libisofs,2011-03-26,libisofs,0.6.32-2ubuntu1,0,0,0,1,0,0,0,0,0,0,
libwxsmithlib0-dev,2009-09-13,codeblocks,8.02-0ubuntu4,0,0,1,1,0,0,0,0,0,0,update GCC 4.4 and glib 2.21 dependencies
user-mode-linux,2010-02-20,user-mode-linux,2.6.32-1um-3ubuntu2,0,0,0,1,0,0,0,0,0,0,
vte,2011-02-07,vte,1:0.27.5-0ubuntu1,0,1,0,0,0,0,0,0,0,0,real
bamf,2010-08-02,bamf,0.2.40-0ubuntu1,0,1,0,0,0,0,0,0,0,0,real
gcc-3.4,2007-07-28,gcc-3.4,3.4.6-6ubuntu1,0,0,0,1,0,0,0,0,0,0,
khelpcenter4,2010-10-03,kdebase-runtime,4:4.5.1-0ubuntu3,0,0,1,0,0,0,0,0,0,0,dependency bump because Lucid to Maverick
mplayer-gui,2011-03-26,mplayer,2:1.0~rc4.dfsg1-1ubuntu3,0,0,1,0,0,0,0,0,0,0,bump of dependencies https://launchpad.net/ubuntu/+source/mplayer/2:1.0~rc4.dfsg1-1ubuntu3
drgeo,2006-12-22,drgeo,1.1.0-1ubuntu1,0,0,0,0,0,0,1,0,0,0,
gir1.2-dee-0.5,2011-07-15,dee,0.5.18-1ubuntu1,0,1,1,1,0,0,0,0,0,1,real adding dependency + added maintainers names
pulseaudio-module-zeroconf,2008-04-07,pulseaudio,0.9.10-1ubuntu1,0,1,0,1,0,1,1,0,0,0,Debian "Adhere to DebianMaintainerField spec, and add a Vcs-Bzr entry" + lots of things
scala-library,2010-03-29,scala,2.7.7.dfsg-4ubuntu1,0,1,0,1,0,0,0,0,0,0,Debian local configuration--more memory to the java machine
system-cleaner,2009-01-16,system-cleaner,1.10.5-0ubuntu1,0,1,0,0,0,0,0,0,0,0,real
xserver-xorg-video-nouvea,2010-03-31,xserver-xorg-video-nouveau,1:0.0.15+git20100219+9b4118d-0ubuntu5,0,1,0,0,0,0,1,0,0,0, cherry picking from upstream
galan,2010-01-20,galan,0.3.0+beta4-2ubuntu3,0,0,1,0,0,0,0,0,0,0,adding dependency
kdesdk-kde4,2008-01-05,kdesdk-kde4,4:3.98.0~svn755919-1ubuntu1,0,1,0,0,0,0,1,0,0,0,Debian
indicator-application,2009-12-15,indicator-application,0.0.4-0ubuntu2,0,0,0,1,0,0,0,0,0,0,
mysql-dfsg-5.0,2008-08-26,mysql-dfsg-5.0,5.0.67-0ubuntu3,0,0,0,1,0,0,0,0,0,0,
php5-fpm,2011-04-17,php5,5.3.5-1ubuntu7,0,1,0,1,0,0,0,0,0,0,Debian backport
glib-networking,2011-04-06,glib-networking,2.28.5-0ubuntu1,0,1,0,0,0,0,0,0,0,0,real
hex-a-hop,2009-09-14,hex-a-hop,0.0.20070315-7ubuntu1,0,0,0,0,0,0,1,0,0,0,
kdenetwork,2009-10-07,kdenetwork,4:4.3.2-0ubuntu2,0,1,0,0,0,0,0,0,0,0,real
mesa,2008-08-01,mesa,7.1~rc3-1ubuntu2,0,0,0,0,0,0,1,0,0,0,
openoffice.org-l10n-st,2008-04-03,openoffice.org-l10n,1:2.4.0-3ubuntu1,0,1,1,1,0,0,1,0,1,0,real+Debian update dependencies
kile,2007-05-08,kile,1:1.9.3-2ubuntu2,0,0,0,0,0,0,1,0,0,0,patch added
libespeak1,2009-02-10,espeak,1.40.02-0ubuntu1,0,1,1,1,0,0,0,0,0,0,real update dependency
apport,2011-04-20,apport,1.20.1-0ubuntu3,0,1,0,0,0,0,1,0,0,0,real
cryptsetup,2007-09-28,cryptsetup,2:1.0.5-1ubuntu4,0,0,0,1,0,0,1,0,0,0,old patch re-applied to new version
gnat-4.3-base,2009-08-25,gnat-4.3,4.3.4-1ubuntu1,0,1,0,1,0,0,0,0,0,0,upstream from Debian + don't run sparc testsuite because broken https://launchpad.net/ubuntu/+source/gnat-4.3/4.3.4-1ubuntu1
imlib,2007-08-21,imlib,1.9.15-3ubuntu2,0,0,0,0,0,0,1,0,0,0,new local patch fixing bug https://bugs.launchpad.net/ubuntu/+source/imlib/+bug/70367
jaaa,2008-07-12,jaaa,0.4.2-1ubuntu1,0,0,0,1,0,0,1,0,0,0, maintainer updated
xlibmesa-gl,2009-10-20,xorg,1:7.4+3ubuntu7,0,0,0,1,0,0,0,0,0,0,removing files
libethos-doc,2011-01-06,ethos,0.2.2-1.1ubuntu1,0,0,1,0,0,0,0,0,0,0,dependency update
libgnome-pilot2-dev,2008-11-05,gnome-pilot,2.0.15-2ubuntu4,0,0,0,0,0,0,1,0,0,0,
llvm-2.9-doc,2011-08-19,llvm-2.9,2.9+dfsg-3ubuntu2,0,0,0,1,0,0,0,0,0,0,
pixman,2008-11-26,pixman,0.12.0-1ubuntu1,0,1,0,1,0,0,0,0,0,1, real upstream patch incorporated + maintainer updated
gtk2-engines-qtcurve,2009-04-06,gtk2-engines-qtcurve,0.62.7-0ubuntu1,0,1,0,0,0,0,0,0,0,0,real
libdirectfb-1.2-9-udeb,2010-07-09,directfb,1.2.10.0-4ubuntu2,0,0,0,0,0,0,1,0,0,0,
python3.1,2010-03-11,python3.1,3.1.2~rc1-0ubuntu1,0,1,0,0,0,0,0,0,0,0,real
qt3-dev-tools,2009-11-09,qt-x11-free,3:3.3.8-b-6ubuntu2,0,0,0,1,0,0,0,0,0,0,
upx-ucl,2010-04-12,upx-ucl,3.04-1ubuntu1,0,0,0,1,0,0,0,0,0,0,514254
wesnoth-utbs,2009-04-14,wesnoth,1:1.6a-3ubuntu1,0,1,0,0,0,0,0,0,1,0,Debian + 358590
libgladeui-1-7,2008-06-20,glade-3,3.4.5-3ubuntu1,0,1,1,1,0,0,0,0,0,0,from Debian + remove conflict + change names of binaries https://launchpad.net/ubuntu/+source/glade-3/3.4.5-3ubuntu1
m2300w,2007-01-19,m2300w,0.51-0ubuntu1,1,0,0,0,0,0,0,0,0,0,
monodoc,2007-02-07,monodoc,1.2.3-0ubuntu1,0,1,0,0,0,0,0,0,0,0,real
python-central,2006-09-25,python-central,0.5.5ubuntu3,0,0,0,0,0,0,1,0,0,0,
wxwidgets2.5,2005-12-20,wxwidgets2.5,2.5.3.2ubuntu4,0,0,0,1,0,0,0,0,0,0,missing headers in package https://launchpad.net/ubuntu/+source/wxwidgets2.5/2.5.3.2ubuntu4
claws-mail-cache-saver,2008-03-18,claws-mail-extra-plugins,3.3.1-1ubuntu1,0,1,1,0,0,0,0,0,0,0,Debian + added dependencies
libccscript4-dbg,2011-02-10,ccscript,4.2.0-0ubuntu1,0,1,0,0,0,0,0,0,0,0,real
winff,2009-02-09,winff,0.45.1-1ubuntu1,0,0,1,1,0,0,0,0,0,0,added dependency
x11proto-input,2008-10-15,x11proto-input,1.4.3-2ubuntu4,0,0,0,0,0,0,1,0,0,0,
aptitude-doc-cs,2009-02-10,aptitude,0.4.11.11-1ubuntu1,0,1,1,0,0,0,0,0,0,0,Debian + added dependency
clamav-docs,2011-08-25,clamav,0.97.2+dfsg-1ubuntu2,0,0,0,0,0,0,1,0,0,0,
kcharselect,2008-07-18,kdeutils,4:4.0.98-0ubuntu2,0,0,1,0,0,0,0,0,0,0,change from suggests to recommends
liblogthread-dev,2010-09-15,redhat-cluster,3.0.12-2ubuntu2,0,0,0,1,0,0,0,0,0,0,disable feature to fix build problem
cup,2007-02-20,cup,0.10k-5ubuntu2,0,0,0,0,0,0,0,0,0,1, Updated maintainer
libaio-dev,2008-06-26,libaio,0.3.107-1ubuntu1,0,1,1,1,0,0,1,0,0,0,Debian + add dependencies
libopendrim0-dev,2010-07-23,libopendrim,1.1.3-0ubuntu1,0,1,0,1,0,0,0,0,0,0,real
nordugrid-arc-nox-hed,2011-04-07,nordugrid-arc-nox,1.1.0~rc6-2.1ubuntu2,0,0,1,0,0,0,0,0,0,0,dependency clean-up
notification-daemon,2007-09-06,notification-daemon,0.3.7-1ubuntu8,0,0,0,0,0,0,1,0,0,0,
cryptsetup,2008-06-14,cryptsetup,2:1.0.6-2ubuntu1,0,1,1,1,0,0,1,0,0,0, Debian + add dependency + drop some patches
icebox,2009-03-01,zeroc-ice,3.3.0-14ubuntu1,0,0,1,1,0,0,0,0,0,0,change dependency
libgnome-java,2006-04-23,libgnome-java,2.12.2-0ubuntu2,0,0,1,0,0,0,0,0,0,0,add dependency
libkaya-sdl-dev,2011-09-02,kaya,0.4.4-4ubuntu1,0,0,1,0,0,0,1,0,0,0,add dependency
libmusicbrainz4-dev,2007-09-10,libmusicbrainz-2.1,2.1.5-1ubuntu2,0,0,0,1,0,0,0,0,0,0,
openoffice.org-l10n-tn,2008-09-21,openoffice.org-l10n,1:2.4.1-9ubuntu1,0,1,1,1,0,1,0,0,0,0,real+Debian+add some dependencies
ibmasm-utils,2008-03-17,ibmasm-utils,3.0-1ubuntu3,0,0,0,1,0,1,0,0,0,0,made Lintian-clean
kdetoys,2011-07-27,kdetoys,4:4.7.0-0ubuntu1,0,1,0,0,0,0,0,0,0,0,real
kdf,2007-10-14,kdeutils,4:3.5.8-0ubuntu1,0,1,0,0,0,0,0,0,0,0,real
knetwalk,2008-10-16,kdegames,4:4.1.2-0ubuntu3,0,0,1,0,0,0,0,0,0,0,update dependencies
vsftpd,2010-01-05,vsftpd,2.2.2-3ubuntu1,0,1,0,0,0,1,1,0,0,0,Debian
ygraph,2005-12-20,ygraph,0.14-4ubuntu1,0,0,1,0,0,0,0,0,0,0,dependency bump
kde-l10n-ro,2009-12-22,kde-l10n-ro,4:4.3.85-0ubuntu1,0,1,0,0,0,0,0,0,0,0,real
libcgi-java,2011-07-27,libmatthew-java,0.7.3-1ubuntu1,0,0,0,1,0,0,0,0,0,0,
partman-crypto,2011-08-26,partman-crypto,47ubuntu2,0,0,0,1,0,0,0,0,0,0,
x11proto-randr,2006-07-05,x11proto-randr,1.1.2-3ubuntu1,0,1,0,0,0,0,0,0,0,0,Debian
debian-installer,2010-07-19,debian-installer,20100211ubuntu14,0,0,1,0,0,0,0,0,0,0,move to different kernels
gcc-4.2,2007-12-24,gcc-4.2,4.2.2-4ubuntu3,0,1,0,1,0,0,0,0,0,0,real
gnome-nettool,2006-01-24,gnome-nettool,2.13.5-0ubuntu1,0,1,0,1,0,0,0,0,1,0,real
med-imaging,2010-08-11,debian-med,1.7ubuntu1,0,1,0,1,0,0,0,0,0,0,Debian
sabayon,2009-08-11,sabayon,2.27.0-0ubuntu1,0,1,1,0,0,0,0,0,0,0,real updated dependencies
libcamel1.2-dev,2007-10-06,evolution-data-server,1.12.0-0ubuntu5,0,0,0,0,0,0,1,0,0,0,add patch
speechd-up,2009-01-12,speechd-up,0.4-0ubuntu4,0,0,1,0,0,0,0,0,0,0,bump dependency
cyphesis-cpp,2005-12-21,cyphesis-cpp,0.5.1-1ubuntu1,0,0,1,0,0,0,0,0,0,0,dependency bump
gfortran-doc,2010-03-19,gcc-defaults,1.93ubuntu1,0,1,0,1,0,0,0,0,0,0,Debian
libopenvg1-mesa-dbg,2011-08-10,mesa,7.11-0ubuntu3,0,0,0,1,0,0,0,0,0,0,
mysql-common,2011-02-03,mysql-5.1,5.1.54-1ubuntu4,0,0,1,1,0,0,0,0,0,0,fix dependency conflict
partman-auto-loop,2007-09-22,partman-auto-loop,0ubuntu8,0,0,0,0,0,0,1,0,0,0,
steam,2008-09-24,steam,2.2.31-4.3ubuntu1,0,0,0,1,0,0,0,0,0,0,
binutils-static,2010-04-19,binutils,2.20.1-3ubuntu5,0,0,1,0,0,0,0,0,0,0,bumped dependency
foomatic-db,2008-06-19,foomatic-db,20080619-0ubuntu1,0,1,1,1,0,0,0,0,0,0,real+Debian + split up dependency into 2 dependencies (cup | cupsys instead of cupsys)
gedit,2007-09-17,gedit,2.20.0-0ubuntu1,0,1,1,1,0,0,0,0,0,0,real updated dependency
kde-l10n-ml,2009-07-16,kde-l10n-ml,4:4.2.96-0ubuntu1,0,1,0,0,0,0,0,0,0,0,real
mythvideo,2009-04-10,mythplugins,0.21.0+fixes19556-0ubuntu8,0,0,0,1,0,0,0,0,0,0,
neverball-data,2009-04-29,neverball,1.5.1-1ubuntu1,0,1,1,0,0,0,0,0,0,0,Debian add dependency
openoffice.org-l10n-uk,2011-09-06,openoffice.org,1:3.3.0-7ubuntu3,0,0,1,0,0,0,0,0,0,0,remove dependencies
texlive-pstricks,2010-08-16,texlive-extra,2009-9ubuntu1,0,1,1,1,0,0,0,0,0,0,Debian drop dependencies
uim-applet-gnome,2009-08-10,uim,1:1.5.6-0ubuntu1,0,1,1,1,0,0,0,0,0,0,real update dependencies
choose-mirror,2011-05-27,choose-mirror,2.38ubuntu2,0,0,0,0,0,0,1,0,0,0,
gtwitter,2008-11-30,gtwitter,1.0~beta-6ubuntu2,0,0,1,1,0,0,0,0,0,0,add dependencies
ilisp-doc,2010-02-01,ilisp,5.12.0+cvs.2004.12.26-7ubuntu1,0,0,1,0,0,0,0,0,0,0,dependency was renamed
tomcat6-admin,2008-10-24,tomcat6,6.0.18-0ubuntu3,0,0,0,1,0,0,1,0,0,0,
libpcap0.8-dbg,2009-08-11,libpcap,1.0.0-2ubuntu1,0,0,0,0,0,0,1,0,0,0,
mplayer,2005-12-20,mplayer,1:1.0-pre6-0.3ubuntu6,0,0,0,1,0,0,0,0,0,0,started building ppc/amd64/sparc https://launchpad.net/ubuntu/hoary/+source/mplayer/1:1.0-pre6-0.3ubuntu6
openoffice.org-l10n-hi-in,2009-04-09,openoffice.org-l10n,1:3.0.1-9ubuntu2,0,1,0,1,0,0,1,0,0,0,real + disable build for sparc since fails
voxbo,2011-07-03,voxbo,1.8.5~svn1246-1ubuntu1,0,0,0,1,0,0,0,0,0,0,
kde-l10n-h,2008-04-01,kde-l10n-hu,4:4.0.3-0ubuntu1,0,1,0,0,0,0,0,0,0,0,real
ksysguardd-kde4,2008-04-09,kdebase-workspace,4:4.0.3-0ubuntu2,0,0,0,0,0,0,1,0,0,0,
libemail-send-perl,2009-01-03,libemail-send-perl,2.194-0ubuntu1,0,1,1,1,0,0,0,0,0,0,real + dependency was renamed
kdesdk-kde4,2008-02-05,kdesdk-kde4,4:4.0.1-0ubuntu1,0,1,0,0,0,0,0,0,0,0,real
openscap,2010-11-17,openscap,0.6.4-1ubuntu1,0,1,1,0,0,0,0,0,0,0,Debian + dependency added
cdbs,2011-01-17,cdbs,0.4.90ubuntu2,0,0,0,1,0,0,0,0,0,0,
erlang-tools,2010-04-09,erlang,1:13.b.3-dfsg-2ubuntu2,0,0,0,0,1,0,1,0,0,0,
libboost-thread-dev,2007-09-11,boost,1.34.1-2ubuntu1,0,1,1,1,0,0,0,0,0,0,drop dependencies + update some other dependencies + Debian + 134684 upstream version freeze exception obtained, even though package names contain version number and hence might break dozens of rdeps https://bugs.launchpad.net/ubuntu/+source/boost/+bug/134684
control-center,2007-04-10,control-center,1:2.18.1-0ubuntu1,0,1,0,1,0,0,1,0,0,0,real dropped patch + not clear if the fixes are in the upstream or ubuntu version
icon,2006-07-05,icon,9.4.2-2.6ubuntu1,0,0,0,0,0,0,1,0,0,0,
libtorture-dev,2011-03-03,samba4,4.0.0~alpha15~git20110124.dfsg1-2ubuntu1,0,1,1,1,0,0,1,0,0,0,adding missing dependencies + real upstream fix cherry-picked + use ldb headers, so long double change honored
openoffice.org-evolution,2010-09-30,openoffice.org,1:3.2.1-7ubuntu1,0,0,0,1,0,0,0,0,0,0,
erlang-crypto,2011-05-06,erlang,1:14.b.2-dfsg-3ubuntu2,0,0,0,0,0,0,1,0,0,0,
libognl-java,2011-04-09,ognl,2.7.3-3ubuntu1,0,0,1,0,0,0,0,0,0,0,depend on ant1.7 instead of ant
pulseaudio,2010-01-31,pulseaudio,1:0.9.22~0.9.21+stable-queue-32-g8478-0ubuntu3,0,0,0,0,0,0,1,0,0,0,
ssh-import-id,2011-06-01,ssh-import-id,2.5-0ubuntu1,0,0,0,0,0,0,1,0,0,0,
cycle,2010-08-24,cycle,0.3.1-7ubuntu1,0,0,1,0,0,0,0,0,0,0,dependency bumped
nis,2005-12-21,nis,3.15-3ubuntu1,0,1,0,0,0,0,0,0,0,0,Debian
p11-kit,2011-07-28,p11-kit,0.2-0ubuntu2,0,0,0,1,0,0,0,0,0,0,forgot to ship certain files in package
penguintv,2010-09-30,penguintv,4.2.0-0ubuntu1,0,1,0,1,0,0,0,0,0,0,really upstream + installation problems https://launchpad.net/ubuntu/+source/penguintv/4.2.0-0ubuntu1
postgresql-common,2006-03-27,postgresql-common,48ubuntu2,0,0,0,0,0,0,1,0,0,0,
tlprender,2011-04-07,tulip,3.1.2-2.3ubuntu2,0,1,1,1,0,0,1,0,0,0,Debian update dependencies + renamed dependencies + some patches dropped
hplip,2009-03-30,hplip,3.9.2-3ubuntu3,0,0,0,1,0,0,0,0,0,0,
edgy-wallpapers,2006-11-28,edgy-wallpapers,0.9-0ubuntu1,0,1,0,1,0,0,0,0,0,0,make versions of package in different releases installable alongside each other
kdebase,2007-07-26,kdebase,4:3.5.7-1ubuntu13,0,0,0,0,0,0,1,0,0,0,
idle-python3.2,2011-03-25,python3.2,3.2-1ubuntu1,0,0,0,1,0,0,0,0,0,0,intended move of location of libs broke build python https://bugs.launchpad.net/ubuntu/+source/db4.8/+bug/738213
jython,2007-12-07,jython,2.2.1-1ubuntu1,0,1,1,1,0,0,0,0,0,0,Debian add dependency
kde-i18n-zhcn,2006-03-28,kde-i18n-zhcn,4:3.5.2-0ubuntu1,0,1,0,0,0,0,0,0,0,0,real
kubuntu-debug-installer,2010-03-06,kubuntu-debug-installer,10.04ubuntu2,0,0,0,1,0,0,0,0,0,0,
busybox-floppy-udeb,2008-03-04,busybox,1:1.1.3-5ubuntu12,0,0,0,0,0,0,1,0,0,0,
firefox-3.0-dev,2008-09-25,firefox-3.0,3.0.3+build1+nobinonly-0ubuntu1,0,1,0,0,0,0,0,0,0,0,real
gnome-settings-daemon,2009-11-05,gnome-settings-daemon,2.28.1-0ubuntu2,0,1,0,0,0,0,1,0,0,0,real incorporate upstream change
libgwibber0.1-cil,2011-02-24,libgwibber,0.1.1-0ubuntu1,0,1,0,1,0,0,1,0,0,0,real + #702185 The bug seems to imply G
libhildon,2007-05-24,libhildon,1.0.5-1ubuntu5,0,0,0,1,0,0,0,0,0,0,
exmap,2009-10-07,exmap,0.10-2.1ubuntu1,0,0,0,1,0,0,0,0,0,0,
irssi-plugin-otr,2008-07-11,irssi-plugin-otr,0.1+git20080706-0ubuntu1,1,0,0,1,0,0,0,0,0,0,
totem-xine,2009-04-14,totem,2.26.1-0ubuntu5,0,0,0,1,0,0,0,0,0,0,
unsermake,2005-12-21,unsermake,20050618-0ubuntu1,0,1,0,0,0,0,0,0,0,0,real
binutils,2007-08-01,binutils,2.17.20070801cvs-0ubuntu1,0,1,0,0,0,0,0,0,0,0,real
glib2.0,2008-03-05,glib2.0,2.15.6-0ubuntu3,0,1,0,0,0,0,1,0,0,0,real patch cherry-picked
kde-i18n-az,2007-05-24,kde-i18n-az,4:3.5.7-0ubuntu1,0,1,0,0,0,0,0,0,0,0,real
kdepim,2008-12-09,kdepim,4:4.1.80-0ubuntu3,0,0,0,1,0,0,0,0,0,0,
python-numpy,2007-05-21,python-numpy,1:1.0.2-3ubuntu1,0,1,0,1,0,0,0,0,0,0,Debian
xfm,2011-09-12,xfm,1.5.4-2ubuntu1,0,0,0,1,0,0,0,0,0,0,
apt-setup,2009-11-09,apt-setup,1:0.42ubuntu1,0,1,0,1,0,0,1,0,0,0,Debian
clementine,2011-07-10,clementine,0.7.1-0ubuntu3,0,0,1,0,0,0,0,0,0,0,updated dependencies
glib2.0,2006-12-23,glib2.0,2.12.5-1ubuntu3,0,0,0,0,0,0,1,0,0,0,
kde-l10n-ml,2010-03-31,kde-l10n-ml,4:4.4.2-0ubuntu1,0,1,0,1,0,1,0,0,0,0,real + Base all kde-l10n packages on a common packaging
php4,2005-12-23,php4,4:4.4.0-3ubuntu1,0,1,0,0,1,0,0,0,0,0,cherrypicked vulnerability from real upstream https://launchpad.net/ubuntu/+source/php4/4:4.4.0-3ubuntu1
python2.5,2007-03-15,python2.5,2.5-5ubuntu10,0,0,0,1,0,0,1,0,0,0,
texlive-humanities-doc,2010-08-16,texlive-extra,2009-9ubuntu1,0,1,1,1,0,0,0,0,0,0,Debian change dependencies + move from recommends to suggests
libbluedevil-doc,2010-09-13,libbluedevil,1.8-0ubuntu1,0,1,0,0,0,0,1,0,0,0,real + some patches dropped
tomboy,2007-09-10,tomboy,0.7.7-0ubuntu1,0,1,0,0,0,0,0,0,0,0,real
gnome-system-monitor,2010-05-27,gnome-system-monitor,2.28.1-1ubuntu1,0,1,1,1,0,0,1,0,0,0,Debian add/drop dependencies
gwibber,2010-04-14,gwibber,2.30.0-0ubuntu1,0,1,0,0,0,0,0,0,0,0,real
kde-l10n-he,2011-01-25,kde-l10n-he,4:4.6.0-0ubuntu1,0,1,0,0,0,0,0,0,0,0,real
libgssapi2-heimdal,2008-03-08,heimdal,1.0.1-5ubuntu4,0,0,0,1,0,0,0,0,0,0,
yaboot-installer,2007-03-15,yaboot-installer,1.1.8ubuntu2,0,0,0,0,0,0,0,0,0,1, Maintainer updated
gnome-session,2010-06-06,gnome-session,2.30.0-1ubuntu2,0,0,1,0,0,0,0,0,0,0,bump dependencies
mplayerthumbs,2009-09-09,mplayerthumbs,1.2-kde4.3.1-0ubuntu1,0,1,0,1,0,0,0,0,0,0,real
semantik,2009-04-15,semantik,0.7.1-0ubuntu2,0,0,0,0,0,0,1,0,0,0,
discover-data,2007-03-27,discover-data,2.2007.02.02ubuntu1,0,0,0,0,0,0,1,0,0,1, Maintainer has been updated
ipython,2009-06-26,ipython,0.9.1-3ubuntu1,0,0,0,0,0,0,1,0,0,0,
libdrm,2011-05-26,libdrm,2.4.25-2ubuntu1,0,1,0,1,0,0,1,0,0,0,upstream from Debian + allow on multiple architectures + drop local patch because already picked upstream https://lists.ubuntu.com/archives/oneiric-changes/2011-May/001734.html
libimlib2,2009-01-14,imlib2,1.4.2-4ubuntu1,0,1,1,0,0,0,0,0,0,0,Debian update dependency
libsmokekio3,2011-09-08,smokekde,4:4.7.1-0ubuntu2,0,1,0,0,0,0,0,0,0,0,Debian upstream http://www.mail-archive.com/oneiric-changes@lists.ubuntu.com/msg06116.html
mdadm-udeb,2010-09-30,mdadm,2.6.7.1-1ubuntu16,0,0,0,0,0,0,1,0,0,0,
totem-dbg,2009-04-14,totem,2.26.1-0ubuntu5,0,0,0,1,0,0,0,0,0,0,
gdc-4.4,2011-04-01,gdc-4.4,1.063-4.4.5-15ubuntu4,0,0,0,1,0,0,0,0,0,0,
drscheme,2008-01-19,drscheme,1:372-1ubuntu1,0,1,0,1,0,0,0,0,0,0,Debian
libbamf-doc,2011-09-09,bamf,0.2.98-0ubuntu1,0,1,0,1,0,0,0,0,0,0,real
libsaml2-doc,2010-12-16,opensaml2,2.3-2ubuntu1,0,0,0,1,0,0,0,0,0,0,
libstdc++6-4.4-pic,2010-03-26,gcc-4.4,4.4.3-4ubuntu5,0,1,0,0,0,0,1,0,0,0,drop some patch + import patches from real upstream Confusing. It looks like cherry picking
openoffice.org-l10n-af,2007-09-28,openoffice.org-l10n,1:2.3.0-1ubuntu2,0,1,0,1,0,0,0,0,0,0,real
seahorse-plugins,2009-05-04,seahorse-plugins,2.27.1-0ubuntu1,0,1,0,0,0,0,0,0,0,0,real
extragear-plasma-l10n,2008-02-05,extragear-plasma,4:4.0.1-0ubuntu1,0,1,1,1,0,0,0,0,0,0,real update dependencies
gnumeric-common,2010-03-21,gnumeric,1.10.1-1ubuntu1,0,1,0,0,0,0,0,0,0,0,real upstream bug fix release https://bugs.launchpad.net/ubuntu/+source/gnumeric/+bug/542021
open-iscsi,2008-04-10,open-iscsi,2.0.865-1ubuntu3,0,0,1,1,0,0,0,0,0,1,update dependency maintainer updated
qtjambi,2008-10-08,qtjambi,4.4.3-0ubuntu2,0,0,0,1,0,0,0,0,0,0,
xserver-xorg-video-i810,2007-08-14,xserver-xorg-video-i810,2:1.7.4-0ubuntu5,0,0,0,0,0,0,1,0,0,0,
xserver-xorg-video-intel,2010-03-31,xserver-xorg-video-intel,2:2.9.1-1ubuntu18,0,0,0,0,0,0,1,0,0,0,
cmus,2009-02-06,cmus,2.2.0-3ubuntu2,0,0,1,0,0,0,0,0,0,0,remove/add dependency
gappletviewer-4.1,2007-12-10,gcj-4.1,4.1.2-18ubuntu1,0,1,0,0,0,0,0,0,0,0,Debian upstream https://launchpad.net/ubuntu/+source/gcj-4.1/4.1.2-18ubuntu1
kdebase-workspace,2008-10-06,kdebase-workspace,4:4.1.2-0ubuntu5,0,0,0,1,0,0,1,0,0,0,
libvisual,2008-07-18,libvisual,0.4.0-2.1ubuntu1,0,0,0,0,0,0,1,0,0,0,
zerofree,2010-12-05,zerofree,1.0.1-2ubuntu1,0,0,0,1,0,0,0,0,0,0,
zlib1g-dbg,2009-03-18,zlib,1:1.2.3.3.dfsg-12ubuntu2,0,0,0,1,0,0,0,0,0,0,
autopano-sift,2006-01-24,autopano-sift,2.4-0ubuntu1,0,0,0,1,0,0,0,0,0,0,
lxsession,2010-11-05,lxsession,0.4.4-3ubuntu1,0,0,0,1,0,0,0,0,0,0,
mozilla-firefox-locale-es-es,2007-09-20,mozilla-firefox-locale-all,2.0.0.7+1-0ubuntu2,0,0,0,1,0,0,0,0,0,0,
utouch-geis,2011-02-23,utouch-geis,2.0.1-0ubuntu1,0,1,0,1,0,0,1,0,0,0,real + removed patch
cmus,2009-03-29,cmus,2.2.0-4ubuntu1,0,1,0,1,0,0,0,0,0,0,Debian
dovecot,2008-01-11,dovecot,1:1.0.10-1ubuntu1,0,1,1,1,0,0,1,0,0,1,Debian add dependencies + maintainer field
ec2-init,2009-04-03,ec2-init,0.3.3ubuntu11,0,0,1,1,0,0,0,0,0,0,adding dependencies
gst-plugins-good0.10,2008-10-13,gst-plugins-good0.10,0.10.10.2-1ubuntu1,0,1,1,1,0,0,0,0,0,0,Debian+add dependencies
kde-l10n-ru,2008-07-29,kde-l10n-ru,4:4.1.0-0ubuntu1,0,1,0,1,0,0,0,0,0,0,real
sbnc-tcl,2008-09-14,sbnc,1.2-8ubuntu1,0,0,1,0,0,0,0,0,0,0,add dependency
connman,2010-12-01,connman,0.64-0ubuntu1,0,1,1,1,0,0,1,0,0,0,real + update patch
firefox,2006-10-23,firefox,2.0+0dfsg-0ubuntu1,0,0,0,1,0,0,0,0,0,0,
libsoup,2006-07-11,libsoup,2.2.95.1-0ubuntu1,0,1,0,0,0,0,0,0,0,0,real
mythbuntu-lirc-generator,2009-08-10,mythbuntu-lirc-generator,0.22-0ubuntu1,0,0,0,0,0,0,1,0,0,0,
claws-mail,2011-06-12,claws-mail,3.7.9-1ubuntu2,0,0,0,0,0,0,1,0,0,0,
gir1.2-couchdb-1.0,2011-04-20,couchdb-glib,0.7.2-0ubuntu3,0,1,0,0,0,0,1,0,0,0,upstream patch
glade-common,2008-09-11,glade,2.12.2-0ubuntu3,0,0,1,0,0,0,0,0,0,0,remove hardcoded obsolete deps https://bugs.launchpad.net/ubuntu/+source/glade/+bug/269174
libmono-winforms2.0-cil,2008-10-17,mono,1.9.1+dfsg-4ubuntu2,0,0,1,0,0,0,0,0,0,0,change recommends to suggests
libttspico-data,2011-08-27,svox,1.0+git20100205-2.1ubuntu1,0,0,0,1,0,0,0,0,0,0,
nova-compute-uml,2011-09-02,nova,2011.3~rc~20110901.1523-0ubuntu1,0,1,1,1,0,0,0,0,0,0,real add dependencies
python-setuptools,2010-09-15,distribute,0.6.14-3ubuntu1,0,1,1,0,0,0,0,0,0,0,Debian+update dependency
koffice-i18n-h,2007-11-29,koffice-l10n,1.6.3-1ubuntu1,0,1,0,1,0,0,0,0,0,0,Debian
kolourpaint,2007-10-14,kdegraphics,4:3.5.8-0ubuntu1,0,1,0,0,0,0,0,0,0,0,real
gambas2-gb-compress,2009-09-19,gambas2,2.13.1-1ubuntu1,0,0,0,0,0,0,1,0,0,0,
